split,patch_id,median_height,valid_pixels
train,zone2_04048,5.0,1597
train,zone1_00892,3.0,72989
train,zone2_04089,4.0,14567
train,zone2_04175,2.0,17981
train,zone1_00224,2.0,70732
train,zone2_04039,8.0,26408
train,zone1_00758,3.0,12638
train,zone1_02177,6.0,10172
train,zone2_01427,3.0,4575
train,zone2_03469,4.0,41252
train,zone1_00967,2.0,11812
train,zone2_00748,8.0,1027
train,zone2_03606,4.0,131657
train,zone1_01689,3.0,19474
train,zone1_02272,1.0,737
train,zone1_00085,3.0,3873
train,zone1_02431,2.0,2409
train,zone2_05010,5.0,15214
train,zone2_04848,3.0,2153
train,zone1_01406,3.0,5521
train,zone2_04053,3.0,9589
train,zone2_00858,3.0,17249
train,zone2_03288,3.0,17846
train,zone2_00735,3.0,11263
train,zone1_00041,8.0,1564
train,zone2_00194,2.0,842
train,zone2_04303,4.0,17358
train,zone2_00945,3.0,19665
train,zone2_00695,4.0,57112
train,zone2_01164,3.0,2696
train,zone1_00903,8.0,53752
train,zone2_00697,2.0,127
train,zone2_02138,2.0,877
train,zone2_00700,3.0,170
train,zone2_05287,8.0,1387
train,zone2_01632,2.0,232
train,zone1_00061,3.0,22306
train,zone2_03755,2.0,738
train,zone2_01425,3.0,51821
train,zone2_03804,2.0,1121
train,zone1_02039,3.0,9611
train,zone2_00759,3.0,3273
train,zone2_01852,3.0,19148
train,zone1_00995,8.0,68722
train,zone1_00352,1.0,1727
train,zone2_05119,4.0,2818
train,zone2_02608,3.0,22568
train,zone2_03607,4.0,137509
train,zone2_04695,4.0,3119
train,zone2_00109,3.0,101
train,zone2_01555,3.0,1329
train,zone2_00394,3.0,1173
train,zone2_05283,2.0,315
train,zone2_02012,3.0,1194
train,zone1_01458,2.0,6303
train,zone1_00500,3.0,1733
train,zone1_01780,14.0,26221
train,zone2_01689,9.0,4774
train,zone2_00301,4.0,34389
train,zone1_01444,8.0,709
train,zone1_01756,8.0,13490
train,zone2_00662,3.0,12455
train,zone1_02143,7.0,13561
train,zone2_04470,3.0,3646
train,zone1_01397,3.0,11917
train,zone2_01284,2.0,7106
train,zone2_03151,4.0,5545
train,zone2_03982,4.0,7329
train,zone2_04625,8.0,352
train,zone2_03094,4.0,3380
train,zone2_01469,3.0,42116
train,zone2_01089,4.0,1203
train,zone1_01188,8.0,16857
train,zone2_04734,2.0,260
train,zone1_00333,2.0,122613
train,zone1_01668,4.0,28848
train,zone2_01881,3.0,22155
train,zone2_05055,2.0,1242
train,zone2_04123,3.0,12830
train,zone1_00173,3.0,5349
train,zone2_00290,3.0,1515
train,zone2_00870,3.0,63728
train,zone1_01643,6.0,33158
train,zone2_02280,12.0,25070
train,zone2_01457,4.0,19702
train,zone1_02062,2.0,1172
train,zone2_05254,15.0,40854
train,zone2_00664,3.0,9027
train,zone1_02130,2.0,22761
train,zone2_03979,3.0,78452
train,zone2_04755,15.0,25466
train,zone1_00271,3.0,9866
train,zone2_05264,4.0,58278
train,zone2_03411,2.0,290
train,zone2_03292,4.0,7927
train,zone1_01075,2.0,40473
train,zone2_05330,3.0,32524
train,zone2_04305,2.0,2189
train,zone2_03285,3.0,4461
train,zone2_02324,3.0,30073
train,zone1_02085,7.0,6948
train,zone2_03798,5.0,3660
train,zone2_04101,4.0,1086
train,zone1_01443,8.0,349
train,zone2_03948,8.0,400
train,zone1_01387,8.0,5888
train,zone1_01821,14.0,57172
train,zone1_00234,3.0,4463
train,zone2_03240,4.0,10222
train,zone2_04159,5.0,15298
train,zone2_00565,3.0,3480
train,zone1_01339,6.0,7551
train,zone1_00113,4.0,10144
train,zone2_04534,2.0,1099
train,zone2_04663,3.0,40876
train,zone2_00654,3.0,3640
train,zone1_00983,4.0,9475
train,zone2_02259,5.0,12227
train,zone2_02854,6.0,20576
train,zone2_03206,14.0,2078
train,zone1_00722,2.0,104660
train,zone2_00252,2.0,174
train,zone2_02819,8.0,10307
train,zone1_01238,8.0,36460
train,zone1_00404,3.0,1300
train,zone2_02570,4.0,1758
train,zone2_00439,2.0,26951
train,zone2_03820,3.0,3489
train,zone2_01510,3.0,3005
train,zone1_01856,3.0,5141
train,zone1_02054,3.0,4824
train,zone2_03241,4.0,13541
train,zone2_03657,4.0,99184
train,zone2_02539,4.0,29408
train,zone1_00930,4.0,20609
train,zone2_03282,5.0,124088
train,zone1_01502,15.0,119845
train,zone2_02547,3.0,12968
train,zone2_04273,4.0,91811
train,zone1_00099,7.0,48900
train,zone1_01771,3.0,9225
train,zone2_00032,3.0,27257
train,zone1_01865,15.0,86173
train,zone2_04189,2.0,459
train,zone2_02685,5.0,14234
train,zone2_01162,3.0,10485
train,zone1_00102,14.0,2121
train,zone2_05236,3.0,151
train,zone1_00412,2.0,1885
train,zone2_03814,3.0,7685
train,zone1_01581,13.0,58005
train,zone2_03345,8.0,541
train,zone1_00314,5.0,20165
train,zone1_01281,2.0,424
train,zone2_05095,6.0,13010
train,zone2_04389,3.0,18386
train,zone1_00957,8.0,39180
train,zone2_03792,2.0,2373
train,zone2_05345,3.0,2338
train,zone2_01641,2.0,4302
train,zone2_03558,5.0,34387
train,zone2_00029,3.0,6715
train,zone2_03392,3.0,11308
train,zone1_01225,8.0,11092
train,zone1_01315,8.0,925
train,zone2_04377,8.0,9158
train,zone2_02859,4.0,43897
train,zone2_03885,3.0,36794
train,zone2_02622,3.0,28240
train,zone2_01214,18.0,59116
train,zone2_01003,3.0,283
train,zone2_02014,6.0,3202
train,zone2_04746,2.0,720
train,zone2_00136,5.0,4400
train,zone2_04866,5.0,9029
train,zone1_00457,5.0,6752
train,zone2_02298,5.0,4792
train,zone2_03060,4.0,41264
train,zone2_04714,3.0,13845
train,zone2_04491,8.0,4023
train,zone2_01540,8.0,931
train,zone2_02007,2.0,1024
train,zone1_01106,8.0,20123
train,zone1_02017,2.0,14598
train,zone2_05028,15.0,9928
train,zone2_03619,5.0,4324
train,zone2_00217,3.0,9058
train,zone2_02508,6.0,9106
train,zone2_04632,4.0,6799
train,zone2_03702,3.0,4938
train,zone1_01622,3.0,21588
train,zone1_01367,8.0,22244
train,zone2_04897,3.0,929
train,zone2_03991,4.0,4731
train,zone2_04092,3.0,2687
train,zone2_03247,4.0,10553
train,zone2_05292,4.0,20520
train,zone1_01495,6.0,45317
train,zone2_01488,2.0,640
train,zone1_00502,4.0,4763
train,zone1_00168,8.0,930
train,zone2_00110,2.0,423
train,zone2_03260,3.0,386
train,zone2_02898,5.0,6143
train,zone2_05016,15.0,19761
train,zone2_00022,3.0,1191
train,zone2_02210,4.0,29037
train,zone2_03252,4.0,36795
train,zone1_00852,10.0,112225
train,zone1_01914,7.0,23326
train,zone2_05072,16.0,11267
train,zone2_01233,3.0,25715
train,zone2_01807,2.0,1837
train,zone2_04370,3.0,22393
train,zone1_02215,8.0,40338
train,zone2_02925,4.0,51153
train,zone2_00021,3.0,1984
train,zone2_00277,3.0,1226
train,zone2_02187,4.0,19743
train,zone1_01823,14.0,64351
train,zone2_05193,15.0,696
train,zone2_00041,3.0,1926
train,zone1_00107,1.0,293
train,zone2_01341,16.0,7767
train,zone1_00266,2.0,201
train,zone1_01052,7.0,34813
train,zone2_01270,3.0,16736
train,zone1_00131,6.0,8943
train,zone2_00008,3.0,3920
train,zone1_02150,8.0,3858
train,zone2_01920,3.0,5730
train,zone2_03389,4.0,14910
train,zone2_00938,3.0,58798
train,zone2_03245,5.0,6276
train,zone1_00966,2.0,326
train,zone2_03474,4.0,54920
train,zone2_00969,3.0,56557
train,zone2_02058,2.0,4877
train,zone1_01364,8.0,36298
train,zone2_04446,4.0,4666
train,zone1_01760,8.0,209
train,zone2_01170,3.0,31445
train,zone1_02122,3.0,1833
train,zone2_03981,3.0,28291
train,zone2_04165,2.0,3375
train,zone2_04330,2.0,186
train,zone2_00720,3.0,1420
train,zone2_02913,6.0,28314
train,zone1_00891,11.0,145141
train,zone1_00997,8.0,107278
train,zone2_03895,3.0,3848
train,zone2_01950,3.0,23051
train,zone1_00156,9.0,22928
train,zone2_01384,5.0,3023
train,zone2_00057,3.0,10142
train,zone2_02928,12.0,26983
train,zone1_00824,8.0,7133
train,zone1_00143,4.0,5988
train,zone2_04080,2.0,2654
train,zone2_04954,4.0,13970
train,zone2_01903,8.0,4983
train,zone1_01260,3.0,900
train,zone2_03343,2.0,1393
train,zone1_00247,2.0,149764
train,zone2_05031,8.0,845
train,zone2_04679,4.0,18403
train,zone2_04239,3.0,12832
train,zone2_03447,3.0,43502
train,zone2_02377,4.0,39006
train,zone2_03283,4.0,28039
train,zone1_00829,8.0,516
train,zone2_01371,3.0,37864
train,zone1_00784,8.0,42559
train,zone1_01515,2.0,20315
train,zone1_01952,2.0,9687
train,zone2_01936,5.0,3138
train,zone2_00147,3.0,33812
train,zone2_02762,2.0,2122
train,zone2_03430,2.0,4106
train,zone2_04891,3.0,12845
train,zone2_04003,3.0,2399
train,zone2_05024,16.0,3876
train,zone2_01806,2.0,3593
train,zone1_00654,5.0,10663
train,zone2_05131,8.0,919
train,zone1_00663,15.0,96199
train,zone1_02305,6.0,44780
train,zone2_00640,2.0,557
train,zone2_01668,3.0,6265
train,zone2_00873,3.0,799
train,zone2_02139,1.0,608
train,zone2_01837,3.0,4031
train,zone2_03027,3.0,7831
train,zone2_00124,2.0,9205
train,zone2_01904,5.0,22423
train,zone1_02111,3.0,39748
train,zone2_03238,5.0,1098
train,zone1_02274,4.0,21855
train,zone2_00443,3.0,41196
train,zone1_02151,8.0,765
train,zone2_01747,4.0,4622
train,zone1_00862,8.0,82390
train,zone2_02872,3.0,578
train,zone1_00096,3.0,11885
train,zone2_04270,3.0,12746
train,zone2_00181,3.0,7190
train,zone1_02178,6.0,7128
train,zone2_04445,3.0,14057
train,zone2_02309,3.0,423
train,zone2_03856,3.0,13653
train,zone1_01376,8.0,7779
train,zone1_01279,8.0,40704
train,zone2_00975,3.0,7079
train,zone1_02389,2.0,7622
train,zone2_00762,3.0,9567
train,zone2_00914,4.0,2375
train,zone2_04188,8.0,758
train,zone2_02653,8.0,453
train,zone2_05067,8.0,104
train,zone1_00870,8.0,7882
train,zone2_00123,7.0,10668
train,zone2_02478,5.0,44466
train,zone1_00286,8.0,670
train,zone2_01775,2.0,2484
train,zone1_00770,8.0,181107
train,zone2_01236,2.0,6105
train,zone2_04339,5.0,1490
train,zone2_02312,7.0,17469
train,zone1_02287,2.0,215
train,zone2_04824,5.0,3130
train,zone2_01388,4.0,1831
train,zone2_00618,4.0,1112
train,zone1_01740,3.0,14686
train,zone2_04931,3.0,2716
train,zone2_01234,3.0,11061
train,zone1_01803,2.0,67469
train,zone1_02192,8.0,16677
train,zone2_02824,7.0,4424
train,zone1_01611,3.0,39577
train,zone2_04341,2.0,1190
train,zone2_01888,2.0,22683
train,zone2_02993,2.0,946
train,zone2_02256,4.0,16183
train,zone1_00882,3.0,16044
train,zone2_03144,9.0,6974
train,zone1_00790,8.0,8214
train,zone1_02079,8.0,425
train,zone2_02597,9.0,8476
train,zone2_04398,4.0,7036
train,zone1_01343,1.0,3008
train,zone2_04858,15.0,65563
train,zone1_01205,3.0,655
train,zone1_01788,8.0,10031
train,zone2_03853,3.0,7648
train,zone2_03993,2.0,4588
train,zone1_01009,8.0,91595
train,zone2_01010,3.0,4470
train,zone2_00316,2.0,6937
train,zone2_01722,5.0,8491
train,zone2_01582,2.0,405
train,zone2_00453,3.0,4218
train,zone2_03892,3.0,45244
train,zone2_01507,4.0,9778
train,zone1_00253,3.0,7807
train,zone2_04551,4.0,11944
train,zone1_01211,4.0,274
train,zone2_05266,3.0,23216
train,zone2_01406,3.0,19416
train,zone2_03273,4.0,14209
train,zone1_01245,2.0,6344
train,zone1_00035,2.0,68799
train,zone1_00861,8.0,104119
train,zone2_03497,8.0,11998
train,zone1_00090,3.0,1715
train,zone2_04399,8.0,234
train,zone1_01573,2.0,1105
train,zone2_03262,17.0,2938
train,zone2_05344,8.0,886
train,zone2_04186,5.0,10202
train,zone1_01979,3.0,115
train,zone2_02562,3.0,13064
train,zone2_01684,3.0,1524
train,zone2_00973,3.0,13482
train,zone2_04920,15.0,10019
train,zone2_00361,3.0,13638
train,zone2_04611,4.0,18424
train,zone1_00899,8.0,25640
train,zone2_05290,8.0,903
train,zone1_01013,8.0,17039
train,zone2_00102,4.0,4984
train,zone2_02588,4.0,3886
train,zone1_01448,4.0,11280
train,zone2_02769,3.0,3360
train,zone2_01472,2.0,809
train,zone1_01713,15.0,47909
train,zone1_01983,8.0,2219
train,zone2_04745,3.0,576
train,zone1_02383,1.0,584
train,zone1_02047,2.0,4951
train,zone1_01459,2.0,22478
train,zone2_03846,4.0,1042
train,zone1_02447,2.0,794
train,zone2_02680,5.0,13263
train,zone2_03109,3.0,13918
train,zone2_03821,5.0,19961
train,zone2_00495,3.0,10928
train,zone1_01637,8.0,9329
train,zone2_03523,4.0,109200
train,zone2_04658,8.0,5801
train,zone2_04967,15.0,87143
train,zone2_03992,4.0,4091
train,zone1_00540,2.0,2270
train,zone2_01600,4.0,24449
train,zone1_00272,1.0,269
train,zone2_02157,2.0,140
train,zone2_02941,14.0,7097
train,zone1_02439,8.0,3468
train,zone1_00925,6.0,3202
train,zone2_05312,8.0,268
train,zone1_01793,8.0,3196
train,zone2_01302,2.0,2026
train,zone2_04874,15.0,15971
train,zone1_02205,4.0,4805
train,zone2_02374,4.0,20881
train,zone1_00785,8.0,61448
train,zone2_00226,2.0,281
train,zone1_00650,2.0,152116
train,zone2_04023,3.0,754
train,zone2_05267,4.0,15142
train,zone1_01553,8.0,7814
train,zone2_02399,3.0,1196
train,zone1_01216,10.0,55422
train,zone2_03864,4.0,57993
train,zone2_01970,5.0,23997
train,zone1_02395,3.0,28487
train,zone2_01824,2.0,3472
train,zone1_01447,4.0,17890
train,zone2_00383,3.0,5266
train,zone2_03533,3.0,590
train,zone1_01116,8.0,9441
train,zone1_00746,8.0,7833
train,zone1_01879,2.0,4250
train,zone2_00893,3.0,5570
train,zone2_01994,3.0,10331
train,zone2_03618,4.0,10238
train,zone2_04713,15.0,3744
train,zone2_03022,3.0,9625
train,zone2_03152,3.0,10258
train,zone2_01810,4.0,3596
train,zone1_01037,3.0,38177
train,zone2_04381,3.0,6827
train,zone1_01538,15.0,72975
train,zone2_04712,15.0,3658
train,zone1_00682,2.0,12805
train,zone1_00928,3.0,7207
train,zone1_00440,2.0,11400
train,zone2_01763,4.0,7187
train,zone2_03729,2.0,877
train,zone1_01084,3.0,1507
train,zone2_03472,3.0,8149
train,zone2_02021,8.0,37879
train,zone2_01454,4.0,74914
train,zone2_01021,4.0,35095
train,zone2_02678,3.0,29734
train,zone1_00350,3.0,2657
train,zone2_04805,11.0,5317
train,zone1_00233,3.0,7294
train,zone2_00638,3.0,6813
train,zone2_01471,2.0,436
train,zone1_01605,8.0,1913
train,zone2_04682,3.0,10271
train,zone2_04837,9.0,14216
train,zone1_01653,3.0,9241
train,zone2_02613,2.0,2615
train,zone2_04141,4.0,21159
train,zone2_04763,3.0,6056
train,zone2_03508,8.0,799
train,zone2_00261,3.0,2306
train,zone2_03257,7.0,3327
train,zone2_03582,3.0,18902
train,zone1_00976,3.0,19049
train,zone2_02040,3.0,931
train,zone1_00689,13.0,82063
train,zone1_00963,3.0,77381
train,zone1_01345,3.0,1114
train,zone1_01529,8.0,95841
train,zone2_03179,5.0,407
train,zone1_02288,2.0,215
train,zone2_01449,15.0,27662
train,zone2_03734,7.0,70968
train,zone1_01700,4.0,3770
train,zone1_00228,4.0,35146
train,zone1_01249,3.0,12350
train,zone2_02582,4.0,26063
train,zone2_02534,4.0,55998
train,zone2_02013,3.0,4564
train,zone2_01188,4.0,6362
train,zone2_03802,3.0,18350
train,zone2_00359,3.0,21048
train,zone2_04264,8.0,287
train,zone1_01258,2.0,68324
train,zone2_04591,9.0,61954
train,zone1_02275,2.0,1191
train,zone1_01152,8.0,80270
train,zone2_04260,3.0,7963
train,zone2_00584,3.0,3252
train,zone2_02178,3.0,2765
train,zone2_05186,8.0,352
train,zone1_00345,4.0,7371
train,zone2_02704,4.0,22801
train,zone1_00241,4.0,10429
train,zone2_02759,3.0,1962
train,zone2_01731,2.0,282
train,zone2_04314,3.0,15476
train,zone1_00680,3.0,131914
train,zone1_01053,5.0,80578
train,zone2_03274,3.0,1905
train,zone2_02218,12.0,2225
train,zone1_01121,1.0,5245
train,zone2_04958,4.0,4112
train,zone1_00290,2.0,164291
train,zone2_01601,5.0,15340
train,zone2_04520,3.0,8602
train,zone1_00567,2.0,714
train,zone2_04383,4.0,13968
train,zone2_03624,3.0,1261
train,zone2_00595,3.0,25909
train,zone2_04518,6.0,26195
train,zone1_02089,9.0,21344
train,zone1_00117,5.0,37293
train,zone2_01571,4.0,45405
train,zone1_01361,2.0,9386
train,zone2_04568,6.0,17535
train,zone2_02348,4.0,23597
train,zone1_02101,8.0,18928
train,zone1_01564,8.0,529
train,zone1_01002,8.0,45233
train,zone1_01860,15.0,105973
train,zone1_00293,4.0,2500
train,zone2_00349,4.0,1611
train,zone2_04804,11.0,3860
train,zone2_03111,5.0,10913
train,zone2_04638,4.0,1481
train,zone1_01014,8.0,10645
train,zone2_01366,5.0,22186
train,zone2_03576,3.0,148
train,zone2_00610,2.0,899
train,zone2_02230,4.0,47349
train,zone2_01336,3.0,721
train,zone2_01736,7.0,57227
train,zone2_01069,3.0,60796
train,zone2_03628,4.0,1070
train,zone2_03984,4.0,18302
train,zone1_01602,8.0,3036
train,zone1_02154,8.0,19334
train,zone2_00293,3.0,4041
train,zone2_03261,4.0,15928
train,zone2_05242,6.0,6042
train,zone2_01113,5.0,40890
train,zone1_01138,3.0,54200
train,zone2_00994,2.0,1889
train,zone2_00709,3.0,2119
train,zone2_02472,8.0,643
train,zone1_01166,3.0,12334
train,zone2_01231,3.0,9588
train,zone1_02300,1.0,823
train,zone2_00275,2.0,1188
train,zone2_03351,4.0,77719
train,zone2_02286,12.0,11891
train,zone2_02448,2.0,2629
train,zone1_01024,2.0,1167
train,zone1_00157,3.0,1276
train,zone2_05018,4.0,22602
train,zone2_00329,3.0,5706
train,zone1_01548,1.0,3668
train,zone1_01074,8.0,8745
train,zone1_01175,2.0,753
train,zone2_05173,8.0,625
train,zone2_03537,3.0,13899
train,zone1_01373,4.0,15611
train,zone1_01834,8.0,393
train,zone2_03365,3.0,32125
train,zone1_00635,16.0,104794
train,zone2_01759,4.0,13044
train,zone1_01883,4.0,40384
train,zone2_00524,3.0,18710
train,zone2_03188,4.0,47773
train,zone1_01648,1.0,189
train,zone2_00829,3.0,2021
train,zone2_03398,4.0,34892
train,zone2_01290,3.0,271
train,zone1_00088,4.0,6602
train,zone1_02382,2.0,2111
train,zone1_00278,4.0,21116
train,zone2_02262,4.0,27234
train,zone1_01433,2.0,6523
train,zone2_04477,4.0,2979
train,zone2_05243,6.0,2927
train,zone1_00191,3.0,1448
train,zone1_02014,2.0,1708
train,zone2_05212,5.0,1920
train,zone2_03957,4.0,801
train,zone1_02440,8.0,3468
train,zone2_01073,4.0,16569
train,zone2_01382,2.0,456
train,zone1_02035,8.0,6422
train,zone1_00287,3.0,3065
train,zone1_00152,3.0,677
train,zone2_05159,8.0,476
train,zone2_04401,3.0,6984
train,zone2_03724,8.0,29188
train,zone2_04997,8.0,746
train,zone2_00768,2.0,872
train,zone2_04652,8.0,459
train,zone2_01838,5.0,6108
train,zone2_04733,3.0,5254
train,zone1_01276,8.0,93987
train,zone2_02798,4.0,105469
train,zone2_00451,4.0,11846
train,zone1_01412,8.0,62339
train,zone2_03709,3.0,6808
train,zone2_04229,3.0,30878
train,zone1_01951,3.0,329
train,zone1_01858,3.0,5165
train,zone1_01360,2.0,41003
train,zone1_00471,2.0,34616
train,zone2_00617,4.0,358
train,zone2_04145,4.0,7575
train,zone1_00139,10.0,500
train,zone2_01505,4.0,3264
train,zone1_01917,2.0,2779
train,zone2_05035,4.0,11179
train,zone2_03587,3.0,14281
train,zone1_00338,3.0,6234
train,zone2_02436,13.0,89062
train,zone1_01333,2.0,120685
train,zone1_02181,6.0,8616
train,zone2_01363,5.0,4735
train,zone2_01618,2.0,507
train,zone1_01159,8.0,2663
train,zone2_02244,3.0,9956
train,zone2_03842,1.0,2725
train,zone1_02058,3.0,45192
train,zone2_01949,7.0,3862
train,zone1_00836,2.0,53139
train,zone1_01800,2.0,46721
train,zone2_05294,4.0,22346
train,zone2_03830,8.0,2171
train,zone2_00899,3.0,15294
train,zone2_00342,3.0,3012
train,zone2_05346,3.0,2076
train,zone2_03754,5.0,22232
train,zone2_01404,18.0,11175
train,zone2_04705,15.0,1127
train,zone2_00091,4.0,13002
train,zone2_05185,7.0,1735
train,zone2_01101,3.0,18162
train,zone2_00851,4.0,17713
train,zone2_03254,3.0,50488
train,zone2_04332,3.0,922
train,zone2_02149,4.0,5516
train,zone2_00143,3.0,31484
train,zone1_01606,3.0,1315
train,zone2_01356,3.0,13125
train,zone1_00875,3.0,86343
train,zone2_00977,3.0,6961
train,zone2_00698,3.0,4157
train,zone1_02328,3.0,6059
train,zone1_01011,8.0,123045
train,zone2_04823,15.0,19550
train,zone2_03489,3.0,91709
train,zone2_03931,5.0,4709
train,zone1_01966,1.0,224
train,zone2_03630,9.0,210222
train,zone1_00855,8.0,45235
train,zone2_00436,3.0,30815
train,zone1_02026,4.0,8853
train,zone2_04977,15.0,15990
train,zone2_01045,1.0,1668
train,zone2_03413,4.0,3024
train,zone2_02317,4.0,150988
train,zone1_02428,3.0,2327
train,zone2_02455,3.0,5377
train,zone2_02466,3.0,68063
train,zone1_01584,3.0,26445
train,zone2_00052,5.0,10856
train,zone2_03056,4.0,6986
train,zone2_02631,3.0,2550
train,zone2_04969,15.0,89905
train,zone1_00623,2.0,54361
train,zone1_00714,3.0,140528
train,zone2_03891,3.0,5182
train,zone2_04263,8.0,445
train,zone2_03166,4.0,3018
train,zone2_02067,3.0,6871
train,zone1_02158,3.0,1710
train,zone2_02834,2.0,1198
train,zone2_00754,3.0,4238
train,zone1_01460,16.0,80916
train,zone1_00059,4.0,54860
train,zone2_03315,4.0,32614
train,zone2_03971,4.0,8020
train,zone1_00214,8.0,371
train,zone2_00037,3.0,52774
train,zone2_03505,3.0,23824
train,zone1_01382,8.0,10361
train,zone1_02443,3.0,40513
train,zone1_02127,8.0,2763
train,zone2_00139,3.0,3836
train,zone2_04342,2.0,801
train,zone2_00080,2.0,217
train,zone2_05265,3.0,8992
train,zone2_03452,3.0,2010
train,zone2_01908,3.0,28151
train,zone2_03732,3.0,22944
train,zone2_03974,3.0,29787
train,zone1_01298,3.0,40734
train,zone1_00377,4.0,1582
train,zone1_00330,3.0,8679
train,zone2_03631,9.0,57481
train,zone1_00095,11.0,5385
train,zone2_04960,4.0,14376
train,zone2_02227,5.0,49500
train,zone1_00592,3.0,3322
train,zone2_04358,3.0,2874
train,zone2_02394,3.0,58237
train,zone2_05319,3.0,4315
train,zone2_04648,3.0,4387
train,zone2_03520,8.0,262
train,zone1_01130,4.0,20755
train,zone2_00081,1.0,355
train,zone2_05005,15.0,29226
train,zone2_03348,4.0,30022
train,zone2_01685,3.0,1524
train,zone1_01701,4.0,14710
train,zone1_02257,3.0,2039
train,zone2_01020,3.0,3450
train,zone2_03708,3.0,10489
train,zone1_01520,5.0,16004
train,zone1_00754,2.0,8353
train,zone1_01096,6.0,92430
train,zone1_00339,5.0,11701
train,zone2_03539,3.0,4426
train,zone2_03826,3.0,15752
train,zone1_00591,3.0,16239
train,zone1_02227,3.0,37879
train,zone2_05121,4.0,31601
train,zone1_00801,3.0,2722
train,zone1_02414,8.0,14204
train,zone2_05144,7.0,3911
train,zone2_03117,4.0,51319
train,zone2_03966,3.0,20243
train,zone1_00151,3.0,3349
train,zone1_00981,4.0,51581
train,zone2_01907,2.0,1011
train,zone2_04637,4.0,16756
train,zone2_04322,4.0,44530
train,zone2_03394,9.0,4690
train,zone1_01613,3.0,891
train,zone1_00284,2.0,1374
train,zone2_03722,3.0,11981
train,zone2_02016,1.0,168
train,zone1_00006,3.0,1067
train,zone2_00452,3.0,16217
train,zone2_03124,15.0,10083
train,zone2_02812,4.0,5988
train,zone2_02290,4.0,28258
train,zone2_05085,3.0,13943
train,zone2_01028,2.0,5250
train,zone1_02374,2.0,4297
train,zone2_02364,1.0,2914
train,zone2_03862,4.0,17198
train,zone1_02349,2.0,5088
train,zone2_01099,3.0,21337
train,zone2_02428,4.0,7645
train,zone2_03316,5.0,11412
train,zone2_01002,3.0,3919
train,zone2_03730,2.0,2902
train,zone2_04418,3.0,7448
train,zone2_01246,3.0,8965
train,zone2_01808,4.0,12057
train,zone2_05353,3.0,5920
train,zone2_03385,5.0,10660
train,zone2_03382,3.0,40640
train,zone2_04651,8.0,227
train,zone2_04031,4.0,5621
train,zone2_03402,2.0,3722
train,zone2_01179,3.0,10969
train,zone2_01913,7.0,28936
train,zone1_00641,18.0,104328
train,zone1_02429,1.0,1160
train,zone1_00456,4.0,20111
train,zone2_01963,3.0,6654
train,zone1_01817,5.0,16851
train,zone1_01232,8.0,19118
train,zone2_03861,3.0,10748
train,zone2_00390,4.0,21890
train,zone2_00097,3.0,29754
train,zone2_05247,3.0,1877
train,zone1_00787,8.0,17644
train,zone2_01467,4.0,4885
train,zone2_03043,4.0,62897
train,zone2_00040,3.0,17154
train,zone2_01959,4.0,65102
train,zone2_00445,3.0,22631
train,zone2_04808,15.0,36271
train,zone2_01210,13.0,34372
train,zone2_00151,3.0,31633
train,zone1_00786,8.0,90086
train,zone1_02246,1.0,180
train,zone2_02484,3.0,18176
train,zone1_01743,15.0,67216
train,zone2_01291,3.0,3537
train,zone2_00176,3.0,5783
train,zone1_00909,8.0,32773
train,zone2_04929,8.0,343
train,zone1_01446,6.0,38358
train,zone1_01878,3.0,28976
train,zone2_03020,3.0,5292
train,zone2_01173,4.0,41872
train,zone1_00536,2.0,4369
train,zone1_00087,3.0,60717
train,zone2_01088,3.0,38786
train,zone2_03099,4.0,6886
train,zone2_00802,3.0,21447
train,zone2_03250,5.0,95085
train,zone1_00116,6.0,21981
train,zone2_02465,4.0,11797
train,zone2_00848,3.0,13732
train,zone1_01597,4.0,31049
train,zone1_00735,8.0,98956
train,zone2_04704,15.0,21269
train,zone1_01770,3.0,6386
train,zone2_01553,2.0,9566
train,zone2_03037,4.0,38396
train,zone2_00838,3.0,14892
train,zone1_01284,2.0,41818
train,zone2_02423,4.0,6178
train,zone2_03990,3.0,16125
train,zone2_04711,8.0,440
train,zone2_03997,7.0,79454
train,zone2_00503,3.0,23293
train,zone2_02857,3.0,1411
train,zone2_00188,5.0,74789
train,zone1_01316,8.0,28150
train,zone2_02320,3.0,12252
train,zone2_00517,3.0,7724
train,zone2_04598,3.0,5254
train,zone2_04334,3.0,1040
train,zone2_01358,3.0,2653
train,zone2_04284,2.0,386
train,zone2_03310,4.0,13834
train,zone2_02571,6.0,1568
train,zone2_04386,5.0,17687
train,zone2_01561,3.0,15315
train,zone2_04128,16.0,60035
train,zone2_01137,16.0,58740
train,zone1_02322,8.0,15997
train,zone2_01187,3.0,54361
train,zone1_00092,3.0,22170
train,zone2_04769,8.0,3044
train,zone1_02312,1.0,6179
train,zone2_03033,3.0,11999
train,zone2_00335,2.0,1657
train,zone2_01552,3.0,4299
train,zone1_01890,16.0,12230
train,zone2_02866,17.0,61463
train,zone2_03569,4.0,1514
train,zone2_03776,8.0,12541
train,zone2_00978,6.0,8302
train,zone2_00793,3.0,3828
train,zone2_05245,4.0,67514
train,zone2_00509,4.0,47477
train,zone1_00292,2.0,40622
train,zone2_01925,5.0,7058
train,zone1_01049,4.0,81409
train,zone2_02956,5.0,31911
train,zone2_04864,8.0,422
train,zone1_00450,12.0,59083
train,zone2_01306,3.0,25408
train,zone1_00194,2.0,839
train,zone2_03186,4.0,60217
train,zone1_01887,2.0,478
train,zone2_00591,3.0,13733
train,zone2_02809,2.0,524
train,zone2_03699,3.0,14364
train,zone2_03972,3.0,590
train,zone2_02409,4.0,63361
train,zone2_04990,3.0,12257
train,zone2_02754,8.0,9250
train,zone1_02160,1.0,510
train,zone2_04794,4.0,14102
train,zone2_03461,3.0,7412
train,zone2_03405,4.0,8444
train,zone2_02934,18.0,39611
train,zone2_00574,3.0,29180
train,zone2_02739,4.0,9035
train,zone1_01119,3.0,14903
train,zone2_00273,4.0,25972
train,zone2_00346,2.0,242
train,zone2_03644,2.0,1924
train,zone2_01455,6.0,3350
train,zone1_02164,3.0,4997
train,zone2_02041,4.0,21716
train,zone1_01163,2.0,24253
train,zone2_03531,2.0,9210
train,zone2_05004,2.0,909
train,zone1_00585,6.0,10022
train,zone1_01068,8.0,82889
train,zone1_02375,6.0,11859
train,zone1_00403,2.0,20681
train,zone2_01324,3.0,25594
train,zone2_01895,2.0,9607
train,zone2_00254,3.0,11719
train,zone2_03501,3.0,13252
train,zone1_00752,8.0,242
train,zone2_00197,4.0,12727
train,zone2_02068,3.0,31939
train,zone2_05033,3.0,5136
train,zone1_01183,8.0,155394
train,zone1_00437,11.0,5749
train,zone2_00880,2.0,727
train,zone2_03647,3.0,21362
train,zone1_01807,4.0,18814
train,zone1_01942,3.0,7163
train,zone1_00332,3.0,19260
train,zone2_01778,2.0,9597
train,zone2_01251,3.0,39175
train,zone2_02502,12.0,5034
train,zone2_04118,4.0,28736
train,zone1_00449,3.0,41707
train,zone1_00181,17.0,9267
train,zone2_04122,4.0,25139
train,zone2_00743,4.0,36893
train,zone1_00775,8.0,95607
train,zone2_02030,8.0,55772
train,zone2_01297,4.0,37014
train,zone2_03848,2.0,18322
train,zone2_03420,5.0,61039
train,zone2_02686,11.0,12732
train,zone2_05275,15.0,15583
train,zone2_03433,3.0,214715
train,zone1_01040,3.0,12171
train,zone1_00418,6.0,75936
train,zone2_02635,17.0,17517
train,zone1_01456,4.0,38617
train,zone1_01351,8.0,23763
train,zone1_00167,8.0,548
train,zone1_01546,9.0,33692
train,zone2_04861,15.0,82812
train,zone1_00503,2.0,13350
train,zone2_00875,3.0,19916
train,zone2_02070,8.0,68493
train,zone2_04952,6.0,5131
train,zone2_01554,2.0,4323
train,zone2_02558,3.0,20319
train,zone1_01906,2.0,469
train,zone1_01680,8.0,14026
train,zone2_04224,3.0,67912
train,zone2_03679,9.0,28025
train,zone2_03159,4.0,7473
train,zone2_01421,2.0,504
train,zone2_04112,5.0,9051
train,zone1_02180,3.0,5542
train,zone1_02012,1.0,903
train,zone2_03059,8.0,9181
train,zone1_00367,5.0,10486
train,zone1_00980,2.0,8891
train,zone2_03815,3.0,12483
train,zone2_00934,3.0,9374
train,zone2_00505,3.0,6989
train,zone2_02102,4.0,15007
train,zone2_01177,3.0,25417
train,zone2_00407,3.0,17170
train,zone2_01094,3.0,58468
train,zone1_00620,4.0,12001
train,zone2_03775,2.0,745
train,zone1_00631,4.0,13353
train,zone1_00626,3.0,148752
train,zone2_04719,4.0,28137
train,zone1_01324,8.0,16367
train,zone2_02734,5.0,8042
train,zone2_03074,5.0,115429
train,zone1_00109,1.0,1081
train,zone1_01480,5.0,52462
train,zone2_00942,2.0,10181
train,zone1_01938,2.0,18389
train,zone1_00280,3.0,85761
train,zone2_04836,6.0,16789
train,zone1_02307,2.0,5034
train,zone1_02262,1.0,5154
train,zone2_04849,8.0,251
train,zone1_02114,7.0,44766
train,zone2_03214,4.0,25410
train,zone2_01751,3.0,3588
train,zone2_02840,3.0,19329
train,zone1_01729,2.0,35398
train,zone2_02180,5.0,13024
train,zone1_01186,8.0,6230
train,zone2_04881,10.0,59829
train,zone2_04393,3.0,2220
train,zone1_00901,8.0,155755
train,zone2_01626,3.0,212
train,zone2_05258,8.0,153
train,zone2_03327,3.0,2123
train,zone2_03076,17.0,107751
train,zone2_04051,3.0,18679
train,zone1_02384,3.0,29383
train,zone1_00859,8.0,76319
train,zone2_01730,3.0,26228
train,zone2_02285,3.0,1659
train,zone2_03622,2.0,710
train,zone2_01184,3.0,65693
train,zone2_02369,5.0,41938
train,zone1_01619,13.0,14332
train,zone2_03464,4.0,39024
train,zone1_02407,1.0,1471
train,zone2_04921,8.0,8117
train,zone2_00368,2.0,8696
train,zone2_05001,5.0,28959
train,zone1_00578,4.0,21974
train,zone2_03705,5.0,170530
train,zone2_01567,2.0,627
train,zone1_02399,2.0,281
train,zone2_01464,4.0,11094
train,zone2_03126,8.0,57500
train,zone2_03194,8.0,51009
train,zone2_01462,3.0,42918
train,zone2_02768,5.0,6021
train,zone2_04631,3.0,34985
train,zone2_04963,4.0,1473
train,zone2_05338,8.0,748
train,zone2_01486,2.0,246
train,zone1_00674,8.0,7957
train,zone2_01717,3.0,22405
train,zone2_04172,2.0,6504
train,zone1_00312,2.0,23943
train,zone2_00366,3.0,1083
train,zone1_00854,9.0,58387
train,zone2_00172,3.0,18405
train,zone1_00782,8.0,102499
train,zone1_02448,2.0,861
train,zone2_04842,4.0,2536
train,zone2_01758,3.0,15398
train,zone2_00911,3.0,21573
train,zone1_00310,2.0,166689
train,zone1_00461,2.0,2528
train,zone2_00514,3.0,7890
train,zone1_00060,3.0,47887
train,zone2_02509,18.0,54062
train,zone2_01260,4.0,18484
train,zone2_00585,3.0,2167
train,zone2_04361,2.0,2619
train,zone1_02342,8.0,487
train,zone2_00551,3.0,19517
train,zone2_00879,2.0,6846
train,zone1_01732,3.0,10108
train,zone1_00720,3.0,63299
train,zone2_01669,3.0,6608
train,zone2_02504,4.0,5254
train,zone1_00321,8.0,515
train,zone1_00805,8.0,66783
train,zone1_01334,3.0,44422
train,zone2_03210,4.0,5862
train,zone2_04852,8.0,205
train,zone1_01484,8.0,3380
train,zone2_01461,3.0,30583
train,zone2_02833,3.0,14268
train,zone2_05168,4.0,65468
train,zone2_04476,3.0,16851
train,zone1_01482,2.0,1321
train,zone2_04917,15.0,84501
train,zone2_01850,3.0,1030
train,zone1_00992,4.0,8171
train,zone2_03432,3.0,89252
train,zone2_05181,3.0,18921
train,zone2_00177,3.0,823
train,zone2_03062,4.0,5695
train,zone2_02687,18.0,42658
train,zone2_03526,4.0,92756
train,zone2_03731,2.0,2340
train,zone2_02949,4.0,63230
train,zone2_04790,6.0,11202
train,zone2_00548,4.0,24987
train,zone2_03050,3.0,7774
train,zone2_00814,3.0,5634
train,zone2_01848,3.0,14086
train,zone1_01591,8.0,7351
train,zone1_02125,8.0,2777
train,zone1_00108,3.0,5220
train,zone2_02440,2.0,2925
train,zone2_04453,3.0,1117
train,zone2_05087,8.0,11299
train,zone1_00123,2.0,798
train,zone1_02365,8.0,6006
train,zone2_03217,4.0,41803
train,zone2_02421,5.0,44228
train,zone2_01463,2.0,4443
train,zone2_00446,3.0,20863
train,zone1_00037,8.0,143
train,zone1_00289,2.0,52089
train,zone1_00989,12.0,99160
train,zone1_00529,3.0,838
train,zone1_01350,3.0,852
train,zone2_03383,3.0,122134
train,zone1_00433,4.0,34805
train,zone1_01991,3.0,3267
train,zone2_03611,3.0,8681
train,zone2_01254,3.0,1008
train,zone2_04683,3.0,2901
train,zone2_02909,3.0,1338
train,zone1_02409,2.0,40676
train,zone2_00616,3.0,3991
train,zone2_03442,8.0,249
train,zone1_01705,15.0,38939
train,zone2_02362,2.0,85802
train,zone2_00773,3.0,8751
train,zone2_04786,3.0,21687
train,zone1_02223,6.0,43242
train,zone1_00111,8.0,575
train,zone2_00923,3.0,21668
train,zone2_00219,4.0,18000
train,zone2_04767,4.0,8672
train,zone2_04254,3.0,44797
train,zone2_04082,4.0,34884
train,zone1_00478,3.0,48216
train,zone2_01812,4.0,17962
train,zone1_00902,8.0,124740
train,zone2_02449,6.0,67678
train,zone1_00905,8.0,97188
train,zone1_00716,2.0,4211
train,zone2_03230,3.0,2815
train,zone2_05219,8.0,874
train,zone1_00049,4.0,15102
train,zone2_00776,3.0,1536
train,zone1_01368,8.0,17370
train,zone2_00271,3.0,20704
train,zone2_01068,3.0,19257
train,zone2_04086,5.0,7187
train,zone2_00279,3.0,7491
train,zone1_01686,2.0,7747
train,zone2_00726,3.0,5556
train,zone2_05240,8.0,373
train,zone1_01539,15.0,47370
train,zone2_04105,8.0,553
train,zone2_04184,3.0,1253
train,zone2_01862,5.0,6982
train,zone2_03661,4.0,14679
train,zone2_05215,3.0,5192
train,zone2_03133,3.0,41495
train,zone2_03593,2.0,32723
train,zone2_05198,16.0,10737
train,zone2_04148,3.0,6346
train,zone2_00751,3.0,6705
train,zone1_00405,5.0,3654
train,zone2_04422,3.0,5783
train,zone2_04655,7.0,12469
train,zone2_03911,5.0,29284
train,zone2_04783,9.0,9906
train,zone2_01771,5.0,4771
train,zone1_01027,3.0,22608
train,zone2_01515,2.0,1915
train,zone2_01609,3.0,3989
train,zone2_03535,4.0,12129
train,zone2_04869,4.0,9080
train,zone1_01663,15.0,74405
train,zone1_02434,2.0,2929
train,zone2_04546,2.0,10992
train,zone2_05015,8.0,19050
train,zone2_04299,3.0,49959
train,zone2_02735,5.0,6985
train,zone2_01636,4.0,3711
train,zone2_02108,2.0,140
train,zone1_01543,14.0,22214
train,zone2_03584,9.0,144246
train,zone2_04193,3.0,840
train,zone1_02097,8.0,655
train,zone2_02240,8.0,4003
train,zone2_04325,3.0,11634
train,zone2_01993,4.0,4383
train,zone2_04680,10.0,5488
train,zone2_00201,3.0,508
train,zone2_00963,3.0,2600
train,zone1_01028,3.0,18454
train,zone2_00683,3.0,47664
train,zone1_02391,8.0,30704
train,zone2_02634,17.0,113328
train,zone1_01610,2.0,31349
train,zone2_01167,3.0,61937
train,zone1_00084,3.0,12162
train,zone2_01016,3.0,3332
train,zone2_01133,17.0,19559
train,zone2_05084,2.0,1355
train,zone2_03512,4.0,54577
train,zone2_04275,8.0,522
train,zone2_01765,3.0,3311
train,zone2_03105,6.0,77234
train,zone1_00853,10.0,125358
train,zone2_01150,3.0,761
train,zone1_01394,3.0,23741
train,zone2_00462,3.0,36594
train,zone1_01500,6.0,3984
train,zone1_01724,4.0,1186
train,zone1_01491,8.0,2251
train,zone2_00614,3.0,3775
train,zone1_02179,3.0,12860
train,zone2_02161,8.0,24660
train,zone2_04970,15.0,55546
train,zone2_00282,3.0,34552
train,zone2_01420,3.0,23385
train,zone2_04220,7.0,4977
train,zone2_04256,3.0,4181
train,zone2_01414,3.0,561
train,zone2_00767,3.0,989
train,zone2_01786,3.0,902
train,zone2_05232,15.0,49855
train,zone2_03277,8.0,2794
train,zone2_00729,3.0,17721
train,zone2_00286,2.0,1128
train,zone1_01243,2.0,904
train,zone1_01738,2.0,3348
train,zone1_00477,4.0,1488
train,zone2_04077,3.0,25910
train,zone2_03863,3.0,22273
train,zone1_01844,3.0,3866
train,zone2_05099,5.0,1465
train,zone1_00283,3.0,576
train,zone2_04619,2.0,378
train,zone1_01424,8.0,62448
train,zone1_01849,3.0,2421
train,zone2_02137,3.0,43008
train,zone2_04740,4.0,16774
train,zone1_00316,4.0,14939
train,zone1_01710,15.0,16818
train,zone1_01168,3.0,10047
train,zone2_03031,2.0,529
train,zone2_00648,2.0,331
train,zone1_02313,3.0,25875
train,zone2_01235,2.0,612
train,zone1_00044,2.0,3672
train,zone2_04195,3.0,6949
train,zone2_01841,2.0,846
train,zone2_03548,3.0,5048
train,zone2_04666,4.0,16471
train,zone2_03157,4.0,1581
train,zone2_02850,5.0,22755
train,zone2_02664,3.0,19427
train,zone2_05012,8.0,718
train,zone1_00033,2.0,20393
train,zone2_02615,2.0,3066
train,zone2_04449,4.0,18054
train,zone1_00070,2.0,28092
train,zone2_02749,12.0,68924
train,zone2_00007,2.0,260
train,zone2_00653,3.0,32140
train,zone2_00472,3.0,1031
train,zone1_02060,8.0,3420
train,zone2_05316,5.0,10295
train,zone2_02435,12.0,112756
train,zone2_00626,4.0,8105
train,zone2_05126,4.0,2097
train,zone1_01117,8.0,21911
train,zone2_01977,3.0,3413
train,zone2_01901,3.0,1333
train,zone2_01322,3.0,51584
train,zone1_01393,3.0,69951
train,zone2_00676,3.0,12213
train,zone1_01604,8.0,5780
train,zone1_00761,3.0,78052
train,zone1_01452,3.0,6765
train,zone2_00015,3.0,20813
train,zone1_01886,2.0,2704
train,zone2_01802,3.0,1149
train,zone1_01485,8.0,321
train,zone1_01228,8.0,1491
train,zone1_02368,4.0,6700
train,zone2_00853,4.0,20296
train,zone1_00691,4.0,57178
train,zone2_03581,3.0,10235
train,zone2_02703,3.0,15143
train,zone2_01232,3.0,29745
train,zone2_04107,4.0,17822
train,zone1_01672,8.0,41849
train,zone1_02081,8.0,6528
train,zone1_00874,3.0,26274
train,zone1_02133,2.0,1679
train,zone2_00588,3.0,8611
train,zone2_03914,8.0,341
train,zone1_00216,8.0,999
train,zone2_04698,2.0,2709
train,zone1_02074,3.0,4440
train,zone2_01634,4.0,12673
train,zone2_04724,3.0,13980
train,zone1_01505,14.0,22543
train,zone1_02333,3.0,10601
train,zone2_00417,4.0,7421
train,zone1_02071,8.0,310
train,zone2_03017,2.0,3985
train,zone2_02976,3.0,25444
train,zone2_04507,4.0,4201
train,zone1_01088,4.0,21562
train,zone2_01072,3.0,3947
train,zone2_00707,3.0,20322
train,zone2_04057,3.0,22718
train,zone2_02868,4.0,1442
train,zone2_00421,3.0,8338
train,zone2_05027,11.0,5381
train,zone2_02097,6.0,17317
train,zone2_01383,3.0,8919
train,zone2_04300,4.0,30612
train,zone2_02713,2.0,5306
train,zone1_00544,5.0,593
train,zone2_02618,4.0,87334
train,zone1_00119,18.0,65959
train,zone1_00755,2.0,35009
train,zone1_00851,10.0,22737
train,zone1_01142,9.0,94694
train,zone2_00798,3.0,420
train,zone1_00124,3.0,10279
train,zone2_01024,3.0,22364
train,zone2_02171,3.0,2430
train,zone2_04981,11.0,16246
train,zone2_01223,3.0,68767
train,zone2_03145,3.0,2488
train,zone2_05195,16.0,28831
train,zone1_00145,3.0,5207
train,zone1_02129,8.0,2356
train,zone2_03678,9.0,55288
train,zone2_03655,4.0,65302
train,zone2_04213,4.0,14827
train,zone2_04645,3.0,13843
train,zone1_02380,2.0,9951
train,zone1_01277,8.0,47865
train,zone2_05281,4.0,24509
train,zone1_01925,16.0,71825
train,zone2_04872,10.0,4029
train,zone2_00655,3.0,9997
train,zone2_03187,5.0,44542
train,zone1_00065,3.0,9027
train,zone2_04046,3.0,2443
train,zone2_04347,3.0,9517
train,zone2_04870,3.0,7746
train,zone2_01025,3.0,5260
train,zone2_03559,5.0,26389
train,zone1_01504,2.0,3602
train,zone2_02462,6.0,20552
train,zone2_04157,4.0,44952
train,zone2_00438,2.0,18879
train,zone2_04440,3.0,10413
train,zone1_01349,3.0,11196
train,zone2_01452,19.0,55004
train,zone2_02600,5.0,62179
train,zone1_02233,5.0,2242
train,zone2_05160,3.0,2266
train,zone2_03956,8.0,14145
train,zone2_04522,4.0,23115
train,zone1_02196,2.0,109
train,zone1_02373,3.0,925
train,zone2_02726,5.0,6541
train,zone1_01422,8.0,6466
train,zone2_01854,2.0,364
train,zone2_04623,7.0,3933
train,zone1_01661,10.0,19226
train,zone2_02604,3.0,687
train,zone2_03725,7.0,6364
train,zone2_03437,18.0,82456
train,zone2_02835,3.0,751
train,zone2_03617,3.0,1186
train,zone2_01496,16.0,16590
train,zone2_01474,3.0,2490
train,zone2_04787,9.0,733
train,zone2_01508,4.0,80565
train,zone2_01643,3.0,9820
train,zone2_03561,4.0,1879
train,zone1_00379,4.0,15480
train,zone1_00776,8.0,99650
train,zone2_00497,4.0,21225
train,zone2_02434,13.0,115321
train,zone2_00531,3.0,2760
train,zone2_02916,3.0,22909
train,zone2_03886,2.0,24416
train,zone2_02017,3.0,336
train,zone1_01947,3.0,20495
train,zone2_02418,4.0,5312
train,zone1_00920,3.0,22057
train,zone2_02488,5.0,23321
train,zone2_01702,10.0,6414
train,zone2_01227,5.0,67406
train,zone1_00328,3.0,6498
train,zone2_00198,4.0,58665
train,zone1_01226,8.0,10303
train,zone2_04883,4.0,23765
train,zone1_00959,8.0,209
train,zone1_02087,8.0,974
train,zone1_02022,6.0,23244
train,zone2_05108,15.0,47956
train,zone1_00382,3.0,3906
train,zone2_04549,8.0,150315
train,zone1_00388,10.0,63830
train,zone2_02758,7.0,43383
train,zone2_03304,3.0,6305
train,zone2_01127,3.0,19887
train,zone2_02192,4.0,4395
train,zone1_02256,1.0,1088
train,zone2_02606,2.0,427
train,zone2_02842,3.0,1747
train,zone1_01775,4.0,34090
train,zone2_02395,3.0,9508
train,zone2_00062,3.0,15295
train,zone1_00773,11.0,135666
train,zone2_01783,3.0,2358
train,zone1_00395,3.0,6799
train,zone2_03908,5.0,2941
train,zone1_01612,4.0,7782
train,zone2_05327,4.0,32671
train,zone2_01110,3.0,34229
train,zone2_04161,4.0,61405
train,zone1_02137,5.0,6120
train,zone1_00999,8.0,97374
train,zone2_00019,3.0,3137
train,zone2_00539,3.0,15089
train,zone2_00323,4.0,6940
train,zone1_02213,8.0,5360
train,zone1_01696,4.0,8903
train,zone2_00111,3.0,72030
train,zone2_02884,3.0,12969
train,zone2_04492,8.0,602
train,zone2_01847,3.0,103
train,zone2_03951,2.0,1475
train,zone2_04985,4.0,8402
train,zone1_01808,3.0,29791
train,zone2_03369,9.0,15773
train,zone2_02658,2.0,17660
train,zone2_00237,3.0,9361
train,zone2_01769,5.0,4862
train,zone2_00951,3.0,19139
train,zone2_05043,6.0,7494
train,zone2_04754,15.0,38320
train,zone2_01105,3.0,32656
train,zone2_01190,4.0,1179
train,zone2_05340,4.0,4823
train,zone1_01768,2.0,7835
train,zone2_03797,3.0,2023
train,zone2_03118,3.0,16170
train,zone2_00863,2.0,1383
train,zone2_01285,3.0,14675
train,zone1_00810,10.0,137202
train,zone2_02527,3.0,3839
train,zone1_01197,8.0,10180
train,zone2_04528,3.0,1549
train,zone2_01889,3.0,31989
train,zone1_01514,2.0,10619
train,zone1_00664,16.0,113282
train,zone1_00889,6.0,48632
train,zone1_01296,3.0,76706
train,zone2_01548,5.0,18308
train,zone2_01876,5.0,10513
train,zone2_01345,18.0,62656
train,zone2_02963,3.0,6593
train,zone2_01183,3.0,14197
train,zone2_02975,3.0,46736
train,zone1_00406,3.0,2805
train,zone1_00611,11.0,8593
train,zone2_05322,3.0,6000
train,zone1_00985,6.0,4338
train,zone2_01748,3.0,457
train,zone1_00250,3.0,9472
train,zone2_04555,3.0,40480
train,zone2_01660,3.0,5237
train,zone1_01891,3.0,59926
train,zone1_01288,1.0,1648
train,zone1_00324,3.0,391
train,zone2_03579,3.0,15847
train,zone2_02431,4.0,7146
train,zone2_04557,5.0,7319
train,zone2_02984,3.0,591
train,zone2_01594,3.0,16968
train,zone2_04364,4.0,2903
train,zone1_01363,8.0,39934
train,zone2_02221,11.0,118363
train,zone2_00067,3.0,48653
train,zone2_01400,17.0,53662
train,zone2_05221,3.0,5519
train,zone1_00068,13.0,6406
train,zone1_01649,2.0,4557
train,zone1_01802,3.0,95900
train,zone2_04496,5.0,7734
train,zone1_00509,3.0,42392
train,zone2_05149,16.0,18717
train,zone2_00864,3.0,2734
train,zone1_00025,4.0,12357
train,zone2_02228,3.0,92805
train,zone2_02322,2.0,8706
train,zone2_00455,4.0,14182
train,zone2_02392,3.0,76770
train,zone2_00238,3.0,11714
train,zone1_01112,8.0,909
train,zone1_01708,1.0,695
train,zone1_00803,2.0,2789
train,zone1_00545,8.0,119
train,zone2_03737,5.0,15524
train,zone2_02375,5.0,40673
train,zone1_00164,2.0,11801
train,zone2_02981,5.0,15570
train,zone2_04868,4.0,334
train,zone2_03616,4.0,19372
train,zone2_04795,4.0,4039
train,zone2_01249,3.0,17358
train,zone2_01204,4.0,85620
train,zone2_02642,8.0,52471
train,zone1_02363,8.0,3679
train,zone2_01909,3.0,63133
train,zone2_05152,7.0,11753
train,zone1_01010,8.0,116032
train,zone2_01804,5.0,17584
train,zone1_02293,8.0,11066
train,zone2_03233,4.0,46980
train,zone1_00476,3.0,48411
train,zone2_01559,2.0,9319
train,zone2_04312,3.0,9800
train,zone2_02845,3.0,2251
train,zone2_04246,3.0,1220
train,zone2_00527,3.0,51648
train,zone1_01830,8.0,32028
train,zone1_00577,2.0,2278
train,zone1_00209,17.0,46661
train,zone2_03200,5.0,17958
train,zone2_05244,3.0,17976
train,zone2_04395,2.0,1069
train,zone2_02696,8.0,10310
train,zone1_00311,2.0,65974
train,zone2_00332,3.0,29748
train,zone2_04269,3.0,9268
train,zone2_02306,4.0,45882
train,zone2_03905,5.0,5735
train,zone1_01275,8.0,12855
train,zone2_02310,8.0,123
train,zone1_01632,8.0,35907
train,zone2_01814,3.0,8509
train,zone2_03473,3.0,19618
train,zone2_04368,2.0,615
train,zone2_04760,4.0,6042
train,zone2_04722,4.0,57777
train,zone1_00593,4.0,20462
train,zone2_02917,3.0,4436
train,zone2_03307,4.0,9754
train,zone2_01314,3.0,14648
train,zone2_05192,4.0,145
train,zone2_01687,6.0,17668
train,zone2_01376,4.0,4709
train,zone2_02813,4.0,4064
train,zone2_01851,2.0,34120
train,zone1_01328,8.0,114
train,zone2_01154,3.0,6926
train,zone2_04925,8.0,795
train,zone2_03339,4.0,13460
train,zone2_02552,4.0,541
train,zone2_05357,4.0,5329
train,zone2_04956,8.0,464
train,zone2_00530,3.0,8025
train,zone2_02906,5.0,11706
train,zone2_04876,4.0,14619
train,zone2_00415,2.0,2772
train,zone1_01832,8.0,483
train,zone2_01648,9.0,16071
train,zone1_02120,3.0,3785
train,zone2_01017,4.0,6243
train,zone1_01322,8.0,477
train,zone2_04532,2.0,2111
train,zone2_04059,2.0,3553
train,zone2_04200,3.0,6257
train,zone1_01909,2.0,548
train,zone2_00845,3.0,2747
train,zone2_05113,17.0,2794
train,zone2_02385,8.0,281
train,zone2_04889,4.0,31706
train,zone1_00386,5.0,4513
train,zone1_02208,6.0,11736
train,zone2_00703,4.0,411
train,zone1_00014,3.0,2006
train,zone2_01478,4.0,4141
train,zone2_00526,3.0,20212
train,zone2_02743,8.0,20268
train,zone1_00881,6.0,39827
train,zone2_03347,4.0,49077
train,zone1_00018,5.0,25968
train,zone1_00613,18.0,100072
train,zone2_01590,3.0,28189
train,zone1_01547,2.0,16469
train,zone1_01007,8.0,39030
train,zone1_02362,1.0,30761
train,zone2_02292,4.0,17252
train,zone1_01095,3.0,22604
train,zone2_03213,4.0,7991
train,zone1_00587,5.0,6868
train,zone2_01705,5.0,45343
train,zone2_00011,3.0,41283
train,zone1_01552,8.0,40212
train,zone2_01536,17.0,3613
train,zone2_01576,3.0,19890
train,zone1_02078,3.0,7078
train,zone1_00621,3.0,5431
train,zone2_00601,3.0,38539
train,zone1_01893,16.0,85459
train,zone2_01009,3.0,6007
train,zone2_01256,4.0,11752
train,zone2_02025,2.0,3041
train,zone2_02452,3.0,52349
train,zone1_00183,17.0,10984
train,zone2_04939,3.0,17704
train,zone2_03594,2.0,151
train,zone2_00248,3.0,1372
train,zone1_01859,14.0,66675
train,zone2_00028,2.0,1569
train,zone2_01370,3.0,2552
train,zone2_00599,2.0,7739
train,zone2_01480,3.0,25209
train,zone2_04904,2.0,1062
train,zone2_00984,5.0,1892
train,zone1_01155,8.0,22855
train,zone2_01143,3.0,34690
train,zone2_00103,1.0,358
train,zone2_02237,12.0,15316
train,zone2_02792,6.0,19548
train,zone2_03218,3.0,852
train,zone2_00592,3.0,11753
train,zone2_01957,3.0,3483
train,zone2_03019,3.0,7239
train,zone2_03566,6.0,1891
train,zone1_00276,3.0,1825
train,zone1_01693,3.0,39376
train,zone1_01764,3.0,45482
train,zone2_01349,18.0,2195
train,zone2_04564,3.0,2178
train,zone2_01352,3.0,4960
train,zone1_02163,3.0,13978
train,zone2_02390,5.0,64400
train,zone1_00730,8.0,107957
train,zone1_01898,8.0,6614
train,zone1_00071,3.0,11811
train,zone2_05065,14.0,12855
train,zone1_00349,3.0,3430
train,zone2_03873,4.0,33356
train,zone2_04098,3.0,34143
train,zone2_04681,3.0,19457
train,zone2_03173,5.0,46756
train,zone1_02315,4.0,9011
train,zone2_03707,3.0,6316
train,zone2_04206,2.0,2822
train,zone2_00412,3.0,10100
train,zone2_04133,8.0,1729
train,zone1_02109,9.0,4718
train,zone1_00798,4.0,15194
train,zone2_04396,8.0,29714
train,zone2_05071,4.0,1610
train,zone2_01193,4.0,24014
train,zone2_04729,3.0,13759
train,zone2_01537,16.0,32372
train,zone2_03808,3.0,9960
train,zone2_03370,2.0,1050
train,zone2_03983,3.0,50868
train,zone2_03184,5.0,53853
train,zone2_02774,3.0,24431
train,zone1_02159,1.0,447
train,zone2_00060,5.0,20971
train,zone2_03139,1.0,3780
train,zone1_01833,8.0,454
train,zone2_01367,3.0,12201
train,zone1_00130,5.0,32233
train,zone1_00195,2.0,997
train,zone2_04392,3.0,422
train,zone2_04885,4.0,96318
train,zone1_00341,5.0,9918
train,zone2_05044,3.0,831
train,zone2_02958,2.0,600
train,zone2_03872,2.0,464
train,zone1_01820,15.0,32199
train,zone2_01556,3.0,5090
train,zone1_00515,12.0,57350
train,zone2_02531,3.0,7621
train,zone2_04636,3.0,4066
train,zone1_02270,1.0,184
train,zone1_00256,3.0,2038
train,zone2_00258,2.0,1014
train,zone2_03828,15.0,24273
train,zone2_01616,2.0,832
train,zone2_02507,2.0,3725
train,zone2_02750,11.0,100183
train,zone1_01066,8.0,92823
train,zone2_00568,4.0,10129
train,zone2_04784,3.0,14703
train,zone1_00743,8.0,72147
train,zone1_01599,8.0,51161
train,zone1_00911,12.0,36528
train,zone2_00718,3.0,22390
train,zone1_02040,3.0,15956
train,zone2_04766,9.0,2675
train,zone1_01239,2.0,11652
train,zone1_00547,3.0,3687
train,zone2_00190,2.0,199
train,zone2_02266,4.0,44643
train,zone1_01337,3.0,35345
train,zone2_02183,5.0,13340
train,zone2_00220,4.0,4466
train,zone2_04670,4.0,39370
train,zone2_04693,6.0,5623
train,zone2_00940,5.0,2564
train,zone1_00162,3.0,74891
train,zone2_00221,3.0,61389
train,zone2_04345,4.0,13908
train,zone1_01811,4.0,18284
train,zone1_02031,2.0,913
train,zone2_04878,8.0,497
train,zone2_03721,3.0,36131
train,zone1_02319,8.0,590
train,zone1_01654,3.0,5236
train,zone2_02526,3.0,9073
train,zone1_02124,8.0,4710
train,zone1_00296,5.0,3578
train,zone1_02113,5.0,40879
train,zone2_04318,5.0,6257
train,zone2_03121,4.0,3096
train,zone2_03485,3.0,26712
train,zone2_04483,2.0,913
train,zone2_02447,17.0,87650
train,zone1_00915,8.0,9649
train,zone2_00702,3.0,3865
train,zone2_04457,5.0,14369
train,zone2_04737,3.0,39228
train,zone2_04468,8.0,665
train,zone2_01080,3.0,10361
train,zone2_02803,17.0,125481
train,zone2_03239,5.0,4697
train,zone1_02028,3.0,11403
train,zone2_03189,4.0,24003
train,zone2_03936,4.0,21319
train,zone2_01853,3.0,32960
train,zone2_04289,2.0,1481
train,zone2_02111,3.0,27041
train,zone2_00734,3.0,8321
train,zone2_03454,5.0,6301
train,zone2_03915,4.0,26286
train,zone2_04032,3.0,10192
train,zone1_01391,2.0,664
train,zone2_00074,3.0,40533
train,zone2_03591,3.0,16902
train,zone1_00843,2.0,3589
train,zone1_00040,3.0,1401
train,zone1_00704,8.0,109760
train,zone1_02449,3.0,61677
train,zone1_01658,3.0,37528
train,zone1_01141,10.0,64577
train,zone2_02328,2.0,1281
train,zone1_02182,6.0,4306
train,zone2_03290,3.0,1684
train,zone2_00035,1.0,1178
train,zone1_02441,4.0,11500
train,zone2_03592,2.0,294
train,zone1_00921,3.0,77444
train,zone2_00418,3.0,13342
train,zone2_03443,5.0,16001
train,zone2_01361,4.0,41883
train,zone2_02451,5.0,25726
train,zone2_04251,8.0,240
train,zone1_01666,14.0,47450
train,zone2_00904,2.0,11477
train,zone1_00122,3.0,2534
train,zone1_00334,2.0,75310
train,zone2_04899,3.0,20697
train,zone1_00202,3.0,15769
train,zone2_02281,12.0,83346
train,zone1_02427,2.0,3710
train,zone2_03463,8.0,551
train,zone2_00491,3.0,18447
train,zone2_02932,12.0,113720
train,zone1_00513,2.0,8412
train,zone2_02297,4.0,3075
train,zone1_00996,8.0,103463
train,zone2_02826,3.0,10736
train,zone2_05006,15.0,41676
train,zone2_04268,6.0,36417
train,zone2_01865,3.0,20657
train,zone2_03397,3.0,24791
train,zone1_01291,2.0,5511
train,zone1_01739,3.0,47263
train,zone2_02444,1.0,440
train,zone2_01500,17.0,80835
train,zone2_01607,3.0,1200
train,zone1_02073,2.0,17977
train,zone2_00855,3.0,27652
train,zone2_01732,5.0,11128
train,zone2_03308,4.0,838
train,zone2_01578,5.0,10277
train,zone1_01512,7.0,35535
train,zone2_03943,4.0,3884
train,zone2_03735,7.0,19084
train,zone2_03801,3.0,42583
train,zone2_00169,2.0,879
train,zone1_01753,8.0,31535
train,zone2_04394,3.0,1812
train,zone2_03980,8.0,5198
train,zone1_02454,8.0,729
train,zone2_02879,6.0,22654
train,zone2_05059,14.0,31446
train,zone2_01875,4.0,23552
train,zone2_05361,4.0,5459
train,zone2_01651,2.0,3485
train,zone2_04947,8.0,370
train,zone2_00131,3.0,425
train,zone1_01179,11.0,119386
train,zone2_00824,4.0,16033
train,zone2_01680,3.0,11625
train,zone2_00355,3.0,9764
train,zone2_03929,10.0,5636
train,zone2_05301,14.0,232
train,zone2_00965,3.0,3073
train,zone1_01749,14.0,151
train,zone2_01708,4.0,38693
train,zone2_01760,4.0,4478
train,zone1_01540,14.0,7651
train,zone1_02148,3.0,7867
train,zone2_00164,3.0,8565
train,zone1_01843,4.0,23576
train,zone1_00868,8.0,1664
train,zone1_01921,3.0,1246
train,zone2_00004,3.0,49388
train,zone2_00319,3.0,29489
train,zone2_02082,3.0,2949
train,zone1_01255,3.0,21331
train,zone2_02537,8.0,247
train,zone2_03142,13.0,58322
train,zone2_02983,2.0,2458
train,zone2_04992,4.0,30125
train,zone2_04938,3.0,29976
train,zone1_00383,3.0,153
train,zone2_02891,5.0,41697
train,zone2_02110,7.0,27384
train,zone2_02446,18.0,102787
train,zone2_03882,3.0,4290
train,zone2_00980,3.0,17532
train,zone2_00245,3.0,20155
train,zone1_01189,8.0,1115
train,zone2_05081,4.0,26795
train,zone1_00431,3.0,15978
train,zone1_01380,8.0,54079
train,zone2_02681,5.0,9633
train,zone2_03816,8.0,388
train,zone1_01411,3.0,6685
train,zone2_03605,2.0,3879
train,zone1_02214,8.0,25368
train,zone2_03700,3.0,6444
train,zone1_01430,5.0,9447
train,zone1_00246,2.0,50620
train,zone1_00936,9.0,70978
train,zone2_03175,2.0,347
train,zone2_02370,5.0,40490
train,zone2_05045,1.0,5602
train,zone2_03711,2.0,17346
train,zone2_03880,3.0,6934
train,zone1_02021,2.0,5525
train,zone2_05298,7.0,7647
train,zone2_02656,8.0,684
train,zone2_01518,2.0,875
train,zone1_02050,4.0,14687
train,zone2_02918,4.0,49445
train,zone2_01989,2.0,9369
train,zone2_04162,5.0,2147
train,zone1_00110,5.0,11837
train,zone1_02072,2.0,1759
train,zone2_02115,10.0,50907
train,zone2_02557,2.0,640
train,zone2_03359,4.0,85777
train,zone1_00814,8.0,101634
train,zone2_00072,3.0,6086
train,zone2_03215,2.0,1227
train,zone2_03988,6.0,7975
train,zone2_04524,4.0,26442
train,zone2_01294,4.0,33199
train,zone1_01005,8.0,41202
train,zone2_01075,3.0,3474
train,zone2_01585,3.0,1588
train,zone2_02771,4.0,18795
train,zone2_03498,2.0,5323
train,zone2_05066,15.0,19547
train,zone2_02874,4.0,224
train,zone2_01330,5.0,17355
train,zone2_01076,3.0,36085
train,zone1_01271,8.0,968
train,zone1_00760,3.0,10078
train,zone2_03506,5.0,29017
train,zone1_01736,6.0,7382
train,zone2_01952,3.0,12824
train,zone1_01108,8.0,34265
train,zone2_03668,6.0,9670
train,zone2_03001,4.0,2823
train,zone2_04696,3.0,4753
train,zone2_00549,2.0,719
train,zone2_01828,3.0,1205
train,zone1_02310,3.0,49775
train,zone2_01261,4.0,9114
train,zone2_02470,3.0,581
train,zone2_02217,4.0,22849
train,zone2_04271,3.0,9768
train,zone2_04506,4.0,39119
train,zone2_01969,3.0,4926
train,zone2_01937,4.0,16004
train,zone2_02560,10.0,25393
train,zone2_01579,5.0,13324
train,zone1_01712,15.0,106859
train,zone1_00511,2.0,962
train,zone2_00101,2.0,390
train,zone2_03949,4.0,21616
train,zone1_02352,2.0,1842
train,zone1_00423,8.0,1016
train,zone2_03313,2.0,11165
train,zone1_01787,14.0,151
train,zone2_02103,4.0,5301
train,zone2_00272,5.0,10415
train,zone2_04976,4.0,1531
train,zone2_02059,3.0,524
train,zone1_02034,8.0,15067
train,zone2_04788,3.0,5792
train,zone2_00761,5.0,19679
train,zone2_03884,2.0,124
train,zone2_01460,2.0,5976
train,zone1_01399,5.0,819
train,zone2_02751,10.0,145899
train,zone2_02229,4.0,61422
train,zone2_00576,5.0,16442
train,zone1_01174,4.0,39958
train,zone2_04774,4.0,29788
train,zone2_01649,10.0,12881
train,zone2_01768,4.0,16539
train,zone2_00876,3.0,21282
train,zone2_02467,3.0,35666
train,zone2_00553,3.0,5814
train,zone2_02548,2.0,10767
train,zone1_01135,4.0,64806
train,zone2_04474,8.0,154
train,zone1_00700,4.0,9227
train,zone2_03643,4.0,25296
train,zone1_01533,3.0,1284
train,zone2_02419,4.0,19627
train,zone2_05234,14.0,42781
train,zone2_01877,2.0,23495
train,zone1_00588,5.0,12581
train,zone2_02461,6.0,4770
train,zone2_03244,7.0,7296
train,zone2_00303,3.0,15461
train,zone2_02505,3.0,2380
train,zone2_02800,5.0,8863
train,zone2_01866,4.0,5605
train,zone1_02183,3.0,12439
train,zone1_02042,5.0,18846
train,zone1_00844,2.0,2466
train,zone2_03713,3.0,3940
train,zone1_01638,8.0,8911
train,zone1_00470,3.0,2113
train,zone1_01436,8.0,11950
train,zone2_01511,3.0,4747
train,zone1_00451,13.0,108546
train,zone2_04436,8.0,8901
train,zone2_04615,2.0,337
train,zone1_00783,8.0,97172
train,zone1_00138,10.0,7198
train,zone2_02199,3.0,5580
train,zone1_00238,8.0,393
train,zone2_01163,3.0,41647
train,zone1_00056,3.0,13252
train,zone2_04331,2.0,109
train,zone1_01201,3.0,28354
train,zone2_02881,4.0,26671
train,zone1_02204,6.0,73835
train,zone2_03130,9.0,37929
train,zone1_02134,2.0,2705
train,zone2_03342,3.0,7782
train,zone2_04366,3.0,15682
train,zone2_03446,5.0,13138
train,zone2_01255,4.0,15084
train,zone2_03589,2.0,750
train,zone2_02351,3.0,3540
train,zone2_04065,4.0,674
train,zone2_00260,3.0,19816
train,zone2_05034,4.0,22092
train,zone2_02005,8.0,4404
train,zone2_00002,3.0,752
train,zone2_03332,11.0,29672
train,zone2_04365,4.0,14130
train,zone2_00928,5.0,3488
train,zone2_04385,3.0,16673
train,zone2_01338,2.0,688
train,zone1_01101,8.0,103199
train,zone2_03546,8.0,24395
train,zone2_02184,4.0,49025
train,zone2_04104,6.0,1787
train,zone2_01006,3.0,7599
train,zone2_05150,15.0,8014
train,zone2_02966,6.0,8209
train,zone2_01321,3.0,32570
train,zone2_00745,2.0,11693
train,zone2_05025,8.0,456
train,zone2_04895,3.0,6031
train,zone1_00148,8.0,3132
train,zone1_01144,10.0,152356
train,zone2_02821,4.0,2083
train,zone2_04225,3.0,18094
train,zone2_05105,8.0,566
train,zone2_03127,8.0,50893
train,zone2_01107,2.0,6333
train,zone2_04034,3.0,18809
train,zone1_01177,2.0,8754
train,zone2_00827,3.0,80692
train,zone2_00885,4.0,14596
train,zone2_01160,3.0,1221
train,zone2_02337,5.0,19294
train,zone2_01437,3.0,5200
train,zone2_04139,4.0,1087
train,zone2_00308,3.0,25045
train,zone2_01136,15.0,51927
train,zone2_02617,3.0,9267
train,zone2_04552,3.0,3722
train,zone2_00044,2.0,369
train,zone2_03134,17.0,45783
train,zone1_01193,14.0,69544
train,zone2_00160,3.0,3007
train,zone2_02091,3.0,4302
train,zone1_01699,2.0,1819
train,zone1_01487,8.0,73312
train,zone2_04208,5.0,6427
train,zone1_01125,2.0,7210
train,zone1_00184,4.0,15439
train,zone2_02128,5.0,100382
train,zone2_02168,3.0,42670
train,zone1_01441,8.0,7610
train,zone1_01509,10.0,127494
train,zone1_00031,13.0,25654
train,zone2_03440,4.0,22490
train,zone2_04700,14.0,15849
train,zone1_01200,3.0,8127
train,zone2_01350,3.0,927
train,zone2_01263,3.0,29049
train,zone1_01371,8.0,18735
train,zone1_00723,2.0,5093
train,zone2_00474,3.0,5721
train,zone1_01596,4.0,20987
train,zone2_04828,6.0,21508
train,zone2_02498,4.0,7584
train,zone2_05360,8.0,16418
train,zone2_04078,5.0,1926
train,zone1_00001,1.0,666
train,zone2_04252,3.0,5458
train,zone2_01988,5.0,1013
train,zone1_00147,4.0,1477
train,zone2_05130,8.0,549
train,zone2_02543,4.0,36320
train,zone2_02173,8.0,893
train,zone1_00797,3.0,52047
train,zone2_05341,3.0,9084
train,zone2_01319,3.0,25519
train,zone2_01659,3.0,24152
train,zone1_01798,8.0,655
train,zone1_02024,7.0,30041
train,zone1_00717,3.0,14418
train,zone2_04315,4.0,1725
train,zone2_03813,4.0,19163
train,zone2_02882,4.0,38843
train,zone1_01574,14.0,67374
train,zone2_05288,8.0,6966
train,zone1_00327,3.0,21796
train,zone1_01518,8.0,59814
train,zone2_02655,8.0,287
train,zone2_00379,2.0,741
train,zone2_05233,15.0,49477
train,zone2_05351,9.0,6051
train,zone2_04285,3.0,59679
train,zone2_03850,3.0,22307
train,zone2_04248,2.0,2001
train,zone2_03860,3.0,8185
train,zone2_04709,3.0,2183
train,zone1_01593,8.0,14273
train,zone2_04095,4.0,16811
train,zone1_00213,4.0,7518
train,zone2_02204,3.0,1595
train,zone2_01276,16.0,23419
train,zone2_00148,4.0,40009
train,zone1_00878,2.0,26552
train,zone2_05200,15.0,26007
train,zone1_00662,9.0,45594
train,zone2_04578,15.0,23491
train,zone1_02161,2.0,371
train,zone1_00487,13.0,77332
train,zone2_02867,16.0,24843
train,zone2_02683,4.0,17907
train,zone2_00470,3.0,23917
train,zone2_01055,3.0,5710
train,zone2_04071,3.0,1361
train,zone2_03070,8.0,34427
train,zone2_04247,4.0,16914
train,zone2_02529,4.0,15407
train,zone1_01976,4.0,10214
train,zone2_01550,3.0,348
train,zone2_04378,4.0,10592
train,zone2_00816,3.0,11324
train,zone2_04624,8.0,352
train,zone1_01497,3.0,8672
train,zone2_00831,3.0,26352
train,zone1_01070,8.0,14099
train,zone2_03613,3.0,1504
train,zone2_01674,3.0,4667
train,zone1_00633,8.0,66651
train,zone2_00095,3.0,8558
train,zone1_02297,4.0,8467
train,zone2_03409,1.0,6713
train,zone2_02538,2.0,425
train,zone2_03760,3.0,26796
train,zone2_00430,3.0,26297
train,zone2_00605,4.0,6971
train,zone2_04747,3.0,2546
train,zone2_04830,3.0,19339
train,zone1_00022,3.0,13343
train,zone2_05321,3.0,9854
train,zone1_01055,2.0,17724
train,zone2_04911,3.0,2106
train,zone2_04337,2.0,8080
train,zone2_03517,3.0,2720
train,zone2_02333,4.0,27858
train,zone2_01863,2.0,919
train,zone2_04665,9.0,11329
train,zone2_05318,8.0,886
train,zone2_05089,3.0,21212
train,zone1_00400,3.0,1324
train,zone2_03425,3.0,3893
train,zone2_03977,4.0,53868
train,zone2_02990,9.0,11780
train,zone1_00939,11.0,51384
train,zone2_02936,3.0,6375
train,zone1_00177,8.0,3209
train,zone1_01517,8.0,69120
train,zone2_00400,4.0,57570
train,zone2_03567,2.0,2652
train,zone2_01627,3.0,7937
train,zone2_05128,8.0,939
train,zone1_00533,2.0,35688
train,zone2_03036,4.0,61646
train,zone2_03083,17.0,15626
train,zone2_02198,4.0,18293
train,zone2_00465,3.0,30424
train,zone2_05124,3.0,44703
train,zone2_03620,2.0,2046
train,zone2_05056,15.0,15415
train,zone1_00394,5.0,15420
train,zone2_00800,5.0,16774
train,zone2_03005,17.0,104167
train,zone2_02427,2.0,262
train,zone2_02002,5.0,4471
train,zone2_03192,17.0,33523
train,zone1_00067,14.0,87944
train,zone2_04029,5.0,9733
train,zone2_03967,9.0,28486
train,zone1_01578,14.0,36888
train,zone2_04685,3.0,29201
train,zone2_03493,18.0,23673
train,zone1_00281,3.0,99517
train,zone2_04505,4.0,6267
train,zone2_00320,3.0,42957
train,zone1_00686,7.0,3225
train,zone2_05046,1.0,4360
train,zone2_00324,3.0,2460
train,zone2_02413,3.0,10350
train,zone2_04116,4.0,28434
train,zone2_03565,4.0,3589
train,zone2_03671,8.0,4803
train,zone2_04464,3.0,9224
train,zone2_04562,4.0,9302
train,zone1_01930,8.0,16593
train,zone2_00839,5.0,20807
train,zone2_03723,8.0,25906
train,zone2_03053,3.0,1056
train,zone1_01161,3.0,38541
train,zone1_02292,8.0,4324
train,zone1_01660,4.0,2601
train,zone1_02381,9.0,10369
train,zone2_02733,3.0,4205
train,zone2_02843,4.0,52475
train,zone2_03435,3.0,8451
train,zone2_03875,4.0,24148
train,zone1_00601,1.0,987
train,zone2_04503,8.0,39904
train,zone2_04014,4.0,69925
train,zone2_03839,2.0,3258
train,zone2_02578,17.0,96072
train,zone1_00523,3.0,11963
train,zone1_00176,8.0,662
train,zone2_01117,3.0,1248
train,zone1_00091,3.0,37286
train,zone2_02202,2.0,2300
train,zone2_04462,5.0,30970
train,zone2_03459,4.0,4775
train,zone2_01216,3.0,5744
train,zone2_05117,1.0,2640
train,zone2_04350,4.0,46663
train,zone2_04675,3.0,10343
train,zone2_04471,5.0,34791
train,zone2_03185,6.0,8291
train,zone2_03372,4.0,9442
train,zone1_02405,2.0,10647
train,zone1_01483,8.0,10341
train,zone2_04607,5.0,22324
train,zone2_00045,3.0,13023
train,zone1_00615,18.0,55752
train,zone1_00866,8.0,1966
train,zone2_01176,3.0,3049
train,zone2_02495,3.0,7850
train,zone2_01533,16.0,24121
train,zone2_03788,7.0,15523
train,zone1_00678,2.0,50642
train,zone2_00886,2.0,241
train,zone2_05284,3.0,2121
train,zone1_02055,4.0,14359
train,zone1_00027,3.0,22784
train,zone2_01644,2.0,6740
train,zone2_00792,3.0,2955
train,zone2_03344,10.0,9176
train,zone1_01445,2.0,1286
train,zone1_01662,10.0,36086
train,zone2_00728,4.0,132
train,zone2_00243,4.0,9386
train,zone2_02641,8.0,8986
train,zone2_05246,3.0,137
train,zone2_00847,3.0,32967
train,zone2_01725,4.0,27070
train,zone1_01496,3.0,26277
train,zone2_00330,3.0,35325
train,zone2_03726,3.0,15970
train,zone2_03844,3.0,80813
train,zone2_05155,15.0,32415
train,zone1_02295,1.0,448
train,zone2_04072,3.0,11510
train,zone1_02135,3.0,37882
train,zone2_03322,3.0,42918
train,zone2_03150,4.0,4374
train,zone2_02291,4.0,27872
train,zone2_00165,3.0,11433
train,zone1_01862,2.0,787
train,zone2_03697,3.0,17545
train,zone2_01059,13.0,17768
train,zone1_01479,5.0,7867
train,zone1_02121,1.0,530
train,zone2_02106,3.0,12540
train,zone1_00175,8.0,341
train,zone2_01861,5.0,8689
train,zone2_01560,4.0,7033
train,zone2_05332,2.0,756
train,zone2_05057,12.0,32240
train,zone2_04744,6.0,1228
train,zone2_03773,2.0,4517
train,zone2_05100,2.0,1121
train,zone2_01317,3.0,2008
train,zone2_01130,5.0,36544
train,zone2_02760,8.0,1140
train,zone2_04922,15.0,6878
train,zone2_01780,4.0,5922
train,zone2_00009,2.0,251
train,zone2_04542,3.0,26404
train,zone1_00574,1.0,1145
train,zone2_03756,2.0,5738
train,zone1_00679,2.0,63381
train,zone1_00978,4.0,12604
train,zone2_03784,3.0,946
train,zone2_02151,4.0,49808
train,zone2_01502,18.0,8698
train,zone2_04197,4.0,9574
train,zone2_00679,2.0,1342
train,zone1_02090,9.0,13661
train,zone2_04359,4.0,31502
train,zone1_01903,3.0,60536
train,zone2_00450,4.0,26310
train,zone2_00458,3.0,5051
train,zone2_04880,8.0,24944
train,zone2_02219,10.0,50575
train,zone1_01498,3.0,3013
train,zone2_00262,3.0,6014
train,zone2_04127,16.0,22238
train,zone1_02210,1.0,409
train,zone2_05208,3.0,132
train,zone2_02871,8.0,21121
train,zone2_00105,2.0,695
train,zone1_00150,4.0,153
train,zone2_05146,16.0,20119
train,zone1_01659,3.0,11234
train,zone2_01299,3.0,422
train,zone2_00571,3.0,10506
train,zone2_01699,3.0,6881
train,zone2_03296,7.0,22936
train,zone2_05169,3.0,24504
train,zone2_03487,3.0,107651
train,zone2_00051,3.0,3420
train,zone1_02206,3.0,23420
train,zone2_04388,3.0,13882
train,zone2_05096,4.0,233
train,zone2_02665,3.0,613
train,zone2_01123,2.0,14971
train,zone1_00445,3.0,2166
train,zone1_02259,2.0,1021
train,zone1_01994,4.0,5220
train,zone2_00650,2.0,2036
train,zone2_02295,5.0,67663
train,zone2_02363,5.0,36652
train,zone2_02215,4.0,34348
train,zone1_01965,4.0,4354
train,zone1_02425,3.0,9996
train,zone2_00747,3.0,4356
train,zone1_01472,2.0,76883
train,zone2_03147,3.0,2294
train,zone1_01786,14.0,51025
train,zone1_00907,8.0,90871
train,zone2_01666,3.0,849
train,zone2_04150,3.0,30887
train,zone2_03412,4.0,2389
train,zone2_00500,3.0,580
train,zone2_03201,5.0,51500
train,zone2_04727,3.0,11759
train,zone1_01492,8.0,123882
train,zone2_02797,4.0,59066
train,zone2_01033,4.0,7413
train,zone1_00624,2.0,153514
train,zone2_03330,3.0,4824
train,zone2_04674,4.0,3626
train,zone2_04027,3.0,28142
train,zone2_05040,4.0,2731
train,zone2_00771,3.0,27245
train,zone2_01224,4.0,39659
train,zone2_04363,3.0,9025
train,zone2_03837,2.0,1186
train,zone1_00409,2.0,10992
train,zone2_00365,3.0,3272
train,zone2_00144,3.0,14486
train,zone2_02368,3.0,4839
train,zone2_00247,4.0,22508
train,zone2_01071,3.0,1506
train,zone1_00808,7.0,87391
train,zone2_02689,4.0,26548
train,zone2_00085,3.0,2284
train,zone2_02339,3.0,18438
train,zone2_00119,2.0,311
train,zone2_05050,15.0,69382
train,zone2_02443,5.0,10832
train,zone1_01889,16.0,49146
train,zone2_02823,5.0,9447
train,zone2_03521,3.0,1120
train,zone2_01740,3.0,12717
train,zone2_04109,7.0,2115
train,zone1_02468,2.0,3462
train,zone2_03781,3.0,34273
train,zone2_00410,4.0,16763
train,zone2_01495,17.0,1906
train,zone2_00013,2.0,592
train,zone2_04355,3.0,10064
train,zone2_01398,18.0,18359
train,zone2_04407,3.0,24020
train,zone2_00126,3.0,1064
train,zone2_04890,3.0,15350
train,zone2_00786,2.0,432
train,zone1_00860,8.0,88848
train,zone2_02576,3.0,3531
train,zone2_02129,4.0,65977
train,zone1_02242,8.0,520
train,zone1_02200,2.0,5966
train,zone2_02177,8.0,32760
train,zone2_00020,3.0,26835
train,zone2_01752,2.0,5689
train,zone1_00171,3.0,21738
train,zone2_02572,5.0,38282
train,zone1_00579,7.0,8735
train,zone1_02273,1.0,537
train,zone2_02583,3.0,29313
train,zone2_04590,9.0,136512
train,zone2_00482,3.0,19690
train,zone2_02670,3.0,9938
train,zone2_05336,3.0,15607
train,zone2_04964,15.0,8143
train,zone2_02501,12.0,22632
train,zone2_02020,3.0,32983
train,zone2_04190,2.0,2391
train,zone2_04871,8.0,426
train,zone2_04146,4.0,7575
train,zone1_00640,10.0,25696
train,zone2_02935,8.0,104
train,zone2_03687,3.0,427
train,zone1_01618,3.0,1031
train,zone2_02006,8.0,5773
train,zone2_00325,3.0,1748
train,zone2_00936,2.0,228
train,zone1_00354,3.0,107623
train,zone2_02372,5.0,27650
train,zone1_01187,8.0,10002
train,zone1_00434,4.0,10645
train,zone2_04258,4.0,24864
train,zone1_01465,10.0,105800
train,zone2_01087,3.0,18803
train,zone2_02361,2.0,1371
train,zone2_04405,3.0,1039
train,zone2_00285,3.0,2895
train,zone2_02396,3.0,3105
train,zone2_00427,3.0,2925
train,zone2_04608,3.0,5719
train,zone1_01595,4.0,41937
train,zone2_03896,4.0,2734
train,zone2_00515,3.0,9263
train,zone1_01773,3.0,8402
train,zone2_03942,4.0,9409
train,zone2_02832,4.0,26411
train,zone2_01620,3.0,11319
train,zone1_01669,3.0,14976
train,zone2_01647,9.0,29509
train,zone2_05350,4.0,1007
train,zone1_02355,1.0,284
train,zone1_00288,1.0,8051
train,zone2_02591,8.0,4266
train,zone2_03645,2.0,780
train,zone1_00729,4.0,71268
train,zone2_00283,2.0,708
train,zone2_04633,3.0,4979
train,zone2_03969,3.0,1585
train,zone2_01121,8.0,11399
train,zone2_05080,4.0,26751
train,zone2_02345,4.0,1319
train,zone2_01922,3.0,2235
train,zone2_03752,3.0,60943
train,zone2_04810,15.0,49696
train,zone1_01782,15.0,18837
train,zone2_02037,8.0,305
train,zone2_03336,3.0,7210
train,zone2_01405,3.0,5048
train,zone2_03653,3.0,1660
train,zone2_04873,2.0,2093
train,zone1_00863,8.0,101834
train,zone2_01192,4.0,75738
train,zone2_01412,3.0,13594
train,zone2_02982,5.0,8899
train,zone1_02203,6.0,75347
train,zone1_00685,6.0,3609
train,zone1_00393,9.0,4606
train,zone2_03663,2.0,9496
train,zone2_02644,18.0,48680
train,zone1_01312,8.0,861
train,zone1_00788,8.0,1768
train,zone1_01214,3.0,6538
train,zone2_01394,17.0,86202
train,zone2_03360,4.0,83311
train,zone2_02036,3.0,11364
train,zone1_02083,6.0,538
train,zone1_02106,3.0,9095
train,zone2_05069,14.0,355
train,zone1_02117,2.0,760
train,zone2_02048,5.0,13935
train,zone2_01858,2.0,1585
train,zone2_00939,3.0,1298
train,zone1_01050,4.0,6101
train,zone2_01409,3.0,18094
train,zone1_00464,18.0,33453
train,zone2_00066,3.0,22420
train,zone2_02366,18.0,76286
train,zone2_00476,3.0,36643
train,zone2_02577,17.0,61723
train,zone2_00878,3.0,515
train,zone2_00889,5.0,20791
train,zone1_01417,2.0,31288
train,zone2_02953,8.0,590
train,zone2_03941,3.0,20223
train,zone2_04833,3.0,42417
train,zone2_03171,4.0,5336
train,zone2_02614,5.0,4962
train,zone2_02555,3.0,5808
train,zone1_01202,3.0,36464
train,zone2_00925,4.0,27907
train,zone2_00947,6.0,22078
train,zone2_00202,3.0,10583
train,zone2_04979,10.0,10862
train,zone2_00671,3.0,59125
train,zone1_01431,4.0,51268
train,zone2_01257,3.0,6789
train,zone2_02469,3.0,13964
train,zone2_01742,2.0,3762
train,zone1_02224,3.0,808
train,zone1_01703,3.0,7179
train,zone2_00305,4.0,29500
train,zone2_01976,5.0,7638
train,zone1_00279,3.0,73607
train,zone2_03727,3.0,1486
train,zone1_00753,8.0,2490
train,zone2_04295,3.0,17625
train,zone2_01801,5.0,3497
train,zone1_01301,13.0,23800
train,zone1_00298,3.0,9461
train,zone2_01923,2.0,964
train,zone2_04748,3.0,4331
train,zone2_05036,4.0,11517
train,zone1_02009,3.0,46401
train,zone2_00401,3.0,19919
train,zone1_00208,17.0,8868
train,zone2_05348,3.0,1144
train,zone2_03881,1.0,263
train,zone2_01830,5.0,2089
train,zone1_00163,4.0,6624
train,zone2_04996,8.0,1948
train,zone1_01910,3.0,24105
train,zone1_01353,4.0,26386
train,zone2_04266,2.0,3040
train,zone2_01754,3.0,3063
train,zone2_02895,3.0,1758
train,zone2_03381,8.0,7475
train,zone1_00532,2.0,55778
train,zone2_01694,4.0,5598
train,zone2_01757,4.0,5765
train,zone2_05211,8.0,348
train,zone2_05048,9.0,319
train,zone2_03048,5.0,27843
train,zone2_01652,4.0,38448
train,zone2_04115,3.0,11910
train,zone1_02104,3.0,7727
train,zone2_05214,3.0,1498
train,zone2_02430,5.0,5301
train,zone2_02870,8.0,81959
train,zone2_01104,4.0,28162
train,zone1_01838,4.0,20234
train,zone2_00130,2.0,252
train,zone2_02690,3.0,27004
train,zone1_00804,5.0,88198
train,zone2_01318,3.0,3868
train,zone2_01431,7.0,8330
train,zone2_04280,3.0,9144
train,zone2_02201,4.0,143
train,zone2_02992,2.0,740
train,zone2_02099,8.0,15236
train,zone1_00831,2.0,14774
train,zone1_01029,3.0,5548
train,zone2_05325,3.0,19749
train,zone2_05333,8.0,1004
train,zone2_02601,4.0,34083
train,zone2_01058,1.0,3922
train,zone1_01706,14.0,64797
train,zone2_01672,3.0,27023
train,zone2_05256,14.0,55172
train,zone1_00192,3.0,3215
train,zone1_01178,11.0,81809
train,zone2_01530,3.0,2262
train,zone2_02861,13.0,401
train,zone2_04600,4.0,16444
train,zone1_02298,3.0,13506
train,zone2_00441,4.0,54335
train,zone2_01066,5.0,12771
train,zone2_00046,2.0,362
train,zone2_00632,3.0,12157
train,zone2_02590,5.0,2170
train,zone2_01139,18.0,38353
train,zone2_02818,3.0,16046
train,zone1_02216,2.0,4275
train,zone1_00835,3.0,109796
train,zone2_05077,5.0,11634
train,zone2_04423,3.0,18610
train,zone1_00599,3.0,86205
train,zone2_02856,5.0,2474
train,zone2_03570,4.0,23398
train,zone2_02379,3.0,8252
train,zone1_01093,3.0,38566
train,zone2_01140,3.0,27006
train,zone1_00231,3.0,15506
train,zone2_05339,7.0,1638
train,zone1_00595,2.0,1963
train,zone2_02271,4.0,49846
train,zone2_04357,3.0,2767
train,zone2_03123,6.0,2905
train,zone1_02141,6.0,98701
train,zone2_03803,3.0,35395
train,zone2_04400,4.0,3715
train,zone2_02756,2.0,1677
train,zone2_02883,3.0,61958
train,zone1_01709,15.0,35668
train,zone1_02337,4.0,6896
train,zone2_04074,4.0,13778
train,zone2_02912,3.0,29733
train,zone2_00211,3.0,199
train,zone2_04344,3.0,19641
train,zone2_01514,4.0,2822
train,zone1_01320,8.0,14087
train,zone1_02222,3.0,6841
train,zone1_02063,3.0,29388
train,zone1_00728,5.0,67171
train,zone1_00543,4.0,8919
train,zone2_02896,2.0,126
train,zone2_05307,3.0,33469
train,zone2_00079,1.0,351
train,zone2_01011,3.0,17546
train,zone2_00712,3.0,6744
train,zone1_00890,10.0,145440
train,zone2_04913,15.0,200
train,zone2_04221,3.0,28035
train,zone1_01285,3.0,9355
train,zone2_00432,3.0,6825
train,zone2_00854,4.0,15764
train,zone1_02098,8.0,5707
train,zone2_01709,4.0,42943
train,zone1_01690,2.0,25292
train,zone2_02659,2.0,5910
train,zone2_02720,2.0,4040
train,zone2_01354,3.0,40522
train,zone2_05285,8.0,1111
train,zone1_01404,3.0,11779
train,zone2_05138,5.0,4899
train,zone2_00502,3.0,2062
train,zone2_05249,14.0,14872
train,zone2_00381,2.0,6649
train,zone2_00681,2.0,2371
train,zone2_02593,3.0,278
train,zone2_03237,3.0,16680
train,zone2_01485,3.0,1121
train,zone2_00005,3.0,37668
train,zone2_05009,15.0,59778
train,zone1_01586,2.0,3102
train,zone2_03352,3.0,10800
train,zone1_00525,7.0,43861
train,zone2_02073,4.0,41481
train,zone2_03639,2.0,151
train,zone1_00725,13.0,76086
train,zone2_04736,4.0,9933
train,zone2_00291,5.0,12345
train,zone1_02396,6.0,14123
train,zone2_00270,2.0,1363
train,zone2_04832,4.0,77665
train,zone1_00198,3.0,67262
train,zone2_04887,5.0,34752
train,zone2_04973,3.0,1153
train,zone2_01220,4.0,30580
train,zone2_02341,6.0,21034
train,zone1_02065,4.0,41389
train,zone1_02413,2.0,22324
train,zone1_01873,3.0,66454
train,zone1_01845,3.0,11858
train,zone2_00434,3.0,4668
train,zone2_01840,2.0,7167
train,zone2_00116,4.0,10451
train,zone1_00190,2.0,498
train,zone2_00846,3.0,9135
train,zone1_00441,2.0,48953
train,zone2_02126,4.0,1824
train,zone2_00478,3.0,9821
train,zone1_01872,3.0,30706
train,zone1_00883,3.0,48546
train,zone2_00931,1.0,1741
train,zone2_01497,16.0,21275
train,zone1_00768,8.0,121000
train,zone2_04994,4.0,7879
train,zone2_01711,3.0,28569
train,zone1_01041,3.0,30369
train,zone1_00438,9.0,18213
train,zone2_01884,3.0,14542
train,zone1_00575,4.0,12261
train,zone2_04536,3.0,1505
train,zone2_02078,8.0,16474
train,zone2_03324,2.0,13475
train,zone2_01595,3.0,11083
train,zone2_01943,3.0,16834
train,zone1_02138,8.0,30882
train,zone1_02243,8.0,388
train,zone2_00909,3.0,189
train,zone2_00118,2.0,702
train,zone1_01454,3.0,3674
train,zone1_01398,4.0,3553
train,zone2_03629,9.0,33165
train,zone2_03422,5.0,16909
train,zone2_00564,3.0,25816
train,zone1_00467,3.0,12593
train,zone1_01853,2.0,33927
train,zone2_00206,2.0,2775
train,zone2_03167,4.0,23049
train,zone2_00602,2.0,6048
train,zone2_00061,3.0,13293
train,zone1_02294,8.0,885
train,zone2_01792,3.0,1757
train,zone1_01861,16.0,44616
train,zone2_05161,3.0,10145
train,zone2_04460,3.0,14700
train,zone2_04838,5.0,18395
train,zone2_02633,18.0,112830
train,zone2_04576,8.0,10908
train,zone2_01753,2.0,20905
train,zone2_02046,3.0,14962
train,zone1_02303,7.0,7426
train,zone1_02082,2.0,5291
train,zone1_01247,3.0,22117
train,zone2_02302,4.0,5830
train,zone2_03163,3.0,16128
train,zone2_03484,4.0,27894
train,zone2_02802,11.0,134316
train,zone1_00000,1.0,1525
train,zone2_02955,4.0,8967
train,zone2_03492,18.0,14886
train,zone1_00146,2.0,3525
train,zone2_05070,15.0,10410
train,zone2_02152,4.0,51370
train,zone2_00467,5.0,3364
train,zone1_00072,3.0,5318
train,zone2_03768,4.0,44718
train,zone2_03865,3.0,1112
train,zone2_01788,2.0,5588
train,zone2_01729,3.0,23724
train,zone1_01831,8.0,4133
train,zone2_04575,2.0,921
train,zone2_05122,3.0,28053
train,zone1_01835,8.0,2576
train,zone1_02347,2.0,548
train,zone2_00414,3.0,13630
train,zone2_00642,3.0,590
train,zone2_03778,15.0,21016
train,zone2_03994,3.0,4281
train,zone2_03014,13.0,39176
train,zone1_01550,8.0,3607
train,zone2_00257,4.0,13331
train,zone2_02313,3.0,402
train,zone2_05362,2.0,2482
train,zone1_02076,8.0,13227
train,zone1_00206,4.0,60183
train,zone1_01139,2.0,76828
train,zone2_01714,3.0,6771
train,zone1_00986,4.0,1532
train,zone2_03135,17.0,128616
train,zone2_00752,4.0,5154
train,zone2_04084,8.0,571
train,zone2_01826,3.0,34940
train,zone2_02755,8.0,294
train,zone1_01922,2.0,16082
train,zone2_01379,3.0,84685
train,zone2_02104,3.0,5700
train,zone2_00158,3.0,29044
train,zone1_00047,5.0,18254
train,zone2_03762,3.0,11084
train,zone2_02967,2.0,1833
train,zone2_00567,3.0,4789
train,zone2_01228,5.0,62919
train,zone1_01576,13.0,55180
train,zone2_00150,3.0,3325
train,zone2_00241,3.0,744
train,zone1_01416,2.0,32291
train,zone2_00619,2.0,938
train,zone2_04106,4.0,16343
train,zone2_01675,3.0,3056
train,zone2_04245,4.0,11521
train,zone1_00390,16.0,17949
train,zone2_02095,4.0,12185
train,zone2_02222,12.0,42876
train,zone1_02126,8.0,10748
train,zone1_01385,8.0,20174
train,zone2_00266,4.0,14148
train,zone1_00917,3.0,8643
train,zone1_02314,3.0,15776
train,zone2_02654,9.0,5127
train,zone2_01879,3.0,34550
train,zone2_00810,3.0,3998
train,zone1_01287,4.0,9608
train,zone2_00782,3.0,14683
train,zone2_02766,4.0,51839
train,zone2_02145,8.0,102
train,zone2_01465,2.0,780
train,zone2_05331,2.0,2418
train,zone1_01684,2.0,1409
train,zone2_02329,4.0,47358
train,zone1_01999,2.0,1420
train,zone1_01978,3.0,36249
train,zone2_01279,16.0,43522
train,zone2_00715,3.0,7463
train,zone2_01036,3.0,11807
train,zone2_00572,3.0,14543
train,zone2_04826,3.0,7235
train,zone2_00026,3.0,2462
train,zone1_00742,8.0,71420
train,zone2_00999,3.0,8231
train,zone1_02330,6.0,25185
train,zone2_00958,3.0,6331
train,zone2_02081,3.0,4416
train,zone2_04335,4.0,29108
train,zone2_01713,3.0,5666
train,zone1_00652,3.0,5393
train,zone1_00240,3.0,36992
train,zone2_05228,3.0,12965
train,zone1_00463,4.0,36980
train,zone2_01524,3.0,38490
train,zone2_02806,9.0,38630
train,zone1_01727,2.0,24889
train,zone1_01958,2.0,1164
train,zone2_02944,4.0,30462
train,zone2_01353,4.0,11966
train,zone2_01892,3.0,2020
train,zone2_03944,3.0,12536
train,zone1_01641,8.0,1514
train,zone2_03341,2.0,1371
train,zone2_04646,3.0,3546
train,zone2_00449,3.0,4420
train,zone2_01899,2.0,919
train,zone1_00380,2.0,1367
train,zone2_02282,11.0,89189
train,zone2_00069,3.0,29955
train,zone2_04930,2.0,865
train,zone2_01171,3.0,53479
train,zone2_02272,3.0,3320
train,zone1_00698,8.0,88739
train,zone2_04850,5.0,10825
train,zone2_02107,4.0,16712
train,zone2_01982,7.0,58812
train,zone2_04609,3.0,4809
train,zone2_00460,3.0,16649
train,zone1_00389,11.0,78611
train,zone2_00416,4.0,7892
train,zone1_01744,14.0,91968
train,zone1_01280,8.0,16945
train,zone2_00295,6.0,13457
train,zone2_01529,3.0,2636
train,zone1_01190,7.0,6550
train,zone2_00372,4.0,4662
train,zone2_02873,3.0,1107
train,zone1_00408,4.0,690
train,zone2_04024,3.0,2727
train,zone2_01435,4.0,13341
train,zone2_02863,12.0,93822
train,zone1_01212,4.0,9717
train,zone2_01451,16.0,52565
train,zone1_00946,8.0,113399
train,zone2_04642,2.0,11370
train,zone1_01048,4.0,37518
train,zone2_03843,3.0,8196
train,zone2_05269,7.0,13099
train,zone2_04431,4.0,78547
train,zone1_00368,3.0,7022
train,zone1_00610,16.0,25484
train,zone1_02023,6.0,14794
train,zone2_00263,3.0,9881
train,zone2_02383,2.0,1161
train,zone1_00452,12.0,109124
train,zone1_00364,6.0,14674
train,zone2_00573,3.0,43910
train,zone2_02193,7.0,11007
train,zone1_00011,3.0,7350
train,zone1_00960,8.0,508
train,zone1_01354,2.0,1613
train,zone2_04290,3.0,11851
train,zone2_00341,1.0,647
train,zone2_01333,4.0,13615
train,zone2_01566,5.0,4833
train,zone1_02245,3.0,1249
train,zone1_00161,2.0,21250
train,zone2_04937,3.0,194
train,zone2_03338,3.0,50941
train,zone1_01678,8.0,26257
train,zone1_01466,9.0,90722
train,zone2_02340,8.0,90862
train,zone2_01563,3.0,57907
train,zone2_04354,5.0,26184
train,zone1_00818,8.0,90041
train,zone2_00840,5.0,2585
train,zone2_03667,6.0,9052
train,zone1_02038,2.0,419
train,zone1_00435,4.0,2179
train,zone2_03295,3.0,1448
train,zone2_05297,6.0,15546
train,zone2_01158,5.0,93904
train,zone2_03479,3.0,14152
train,zone2_02355,12.0,113932
train,zone2_03614,7.0,1461
train,zone1_01715,8.0,58442
train,zone2_04934,5.0,62825
train,zone2_01978,8.0,8669
train,zone2_01442,17.0,38316
train,zone1_01105,8.0,49363
train,zone2_00456,2.0,186
train,zone2_00795,4.0,1312
train,zone2_00790,1.0,826
train,zone2_04515,8.0,589
train,zone1_01723,3.0,6136
train,zone1_01233,8.0,33325
train,zone1_00038,8.0,6639
train,zone2_01870,2.0,12084
train,zone2_04847,3.0,33787
train,zone2_00370,3.0,26235
train,zone2_02359,3.0,3163
train,zone1_00627,2.0,53413
train,zone2_00397,4.0,27300
train,zone2_00688,2.0,1202
train,zone1_01035,3.0,756
train,zone1_02241,8.0,30850
train,zone2_05261,4.0,15226
train,zone2_03791,3.0,19667
train,zone1_01819,15.0,21535
train,zone2_00739,3.0,15210
train,zone2_05116,3.0,69105
train,zone2_01939,5.0,4237
train,zone2_01001,3.0,2196
train,zone1_00080,18.0,16325
train,zone2_00954,2.0,370
train,zone2_00620,2.0,837
train,zone2_00919,3.0,9470
train,zone1_00196,2.0,620
train,zone2_00625,2.0,1174
train,zone1_00199,3.0,22703
train,zone2_00807,6.0,3089
train,zone2_01781,3.0,15978
train,zone1_01047,12.0,22293
train,zone2_00145,3.0,2540
train,zone2_04028,5.0,5804
train,zone2_00777,4.0,3282
train,zone2_00187,4.0,143141
train,zone1_01501,3.0,19555
train,zone1_00504,2.0,50463
train,zone1_00692,10.0,44888
train,zone2_04439,8.0,482
train,zone2_04813,2.0,962
train,zone2_01098,3.0,15432
train,zone2_03224,3.0,2016
train,zone1_00537,4.0,24615
train,zone1_00918,3.0,43627
train,zone2_01610,2.0,566
train,zone2_05153,7.0,25851
train,zone2_01243,3.0,1422
train,zone2_04467,3.0,1005
train,zone2_00607,3.0,3993
train,zone1_01471,2.0,60256
train,zone1_02007,8.0,27013
train,zone2_03346,3.0,3570
train,zone1_00548,2.0,8903
train,zone2_03269,3.0,1475
train,zone2_02858,4.0,36489
train,zone2_00756,3.0,22000
train,zone1_02146,3.0,8962
train,zone1_02442,2.0,4776
train,zone2_04452,5.0,11838
train,zone1_01867,8.0,7076
train,zone1_01191,7.0,10877
train,zone2_04812,3.0,2843
train,zone1_00187,4.0,27500
train,zone2_01822,2.0,16042
train,zone2_01259,4.0,42025
train,zone2_02837,2.0,2617
train,zone1_02411,2.0,71444
train,zone2_02023,6.0,22371
train,zone2_04664,8.0,25728
train,zone2_02636,4.0,24025
train,zone1_00528,18.0,26793
train,zone1_01278,8.0,68206
train,zone2_01646,10.0,1785
train,zone2_01065,3.0,1912
train,zone2_00883,3.0,32194
train,zone2_04867,8.0,564
train,zone2_03975,3.0,4182
train,zone1_00016,3.0,4025
train,zone2_03811,6.0,935
train,zone1_00073,8.0,11631
train,zone2_01779,4.0,381
train,zone2_03825,8.0,538
train,zone1_01319,8.0,3343
train,zone1_00057,3.0,4623
train,zone1_01528,8.0,4854
train,zone2_02852,6.0,49166
train,zone1_02186,3.0,13010
train,zone1_00154,17.0,13630
train,zone2_03256,3.0,22858
train,zone1_01570,2.0,11725
train,zone2_04907,4.0,1811
train,zone2_03035,3.0,10186
train,zone2_00719,3.0,32315
train,zone2_02090,2.0,819
train,zone2_02072,4.0,62690
train,zone1_01776,2.0,1047
train,zone2_00039,2.0,2979
train,zone1_00530,2.0,16641
train,zone1_00360,7.0,38998
train,zone2_04610,3.0,1630
train,zone1_00648,2.0,88769
train,zone2_04726,3.0,7270
train,zone2_04558,8.0,595
train,zone1_00857,8.0,26470
train,zone2_03783,3.0,1060
train,zone2_04409,3.0,21995
train,zone1_00019,2.0,13781
train,zone2_01589,2.0,18453
train,zone2_00538,3.0,61730
train,zone1_01283,3.0,31110
train,zone1_00724,5.0,13855
train,zone2_04253,3.0,13415
train,zone2_01958,5.0,29692
train,zone2_04323,8.0,267
train,zone1_00331,6.0,23955
train,zone2_03770,3.0,2760
train,zone2_04796,6.0,20791
train,zone2_05158,14.0,5928
train,zone1_00586,2.0,132
train,zone1_01874,3.0,50634
train,zone1_02332,3.0,23247
train,zone2_03374,2.0,1341
train,zone2_02136,3.0,2500
train,zone2_02546,3.0,30038
train,zone2_01432,3.0,3096
train,zone2_03328,3.0,13057
train,zone1_00221,5.0,26923
train,zone2_01790,2.0,454
train,zone2_00622,3.0,4968
train,zone2_02673,3.0,18636
train,zone1_01563,8.0,12426
train,zone2_02086,5.0,4004
train,zone2_02780,4.0,21158
train,zone1_02049,6.0,2777
train,zone2_03698,3.0,7200
train,zone2_03669,3.0,20345
train,zone1_00291,2.0,105571
train,zone2_03299,4.0,95535
train,zone1_02376,2.0,757
train,zone2_04180,16.0,32416
train,zone2_01603,2.0,13698
train,zone2_02365,18.0,92613
train,zone1_01927,17.0,17630
train,zone2_05061,3.0,28611
train,zone2_01902,3.0,17992
train,zone1_01204,3.0,20395
train,zone1_02398,2.0,1229
train,zone1_01067,8.0,129602
train,zone2_04935,5.0,2694
train,zone2_04286,2.0,16432
train,zone1_01722,8.0,779
train,zone1_01257,3.0,124224
train,zone2_01061,18.0,69229
train,zone2_02001,3.0,16046
train,zone2_00578,3.0,30606
train,zone2_01445,11.0,24154
train,zone2_00203,3.0,753
train,zone2_04404,2.0,2100
train,zone2_03968,5.0,17374
train,zone2_02069,8.0,55473
train,zone1_02289,3.0,1645
train,zone2_03204,8.0,309
train,zone2_01547,5.0,12859
train,zone2_00731,3.0,5511
train,zone2_05073,8.0,7818
train,zone2_00902,3.0,2493
train,zone1_00399,10.0,35395
train,zone1_01203,3.0,4829
train,zone1_00741,8.0,42182
train,zone2_04731,8.0,990
train,zone2_00216,3.0,13592
train,zone2_00968,3.0,20026
train,zone1_01229,7.0,12285
train,zone2_03041,2.0,181
train,zone2_02165,4.0,40236
train,zone2_04530,5.0,8904
train,zone1_01948,2.0,28099
train,zone2_02315,4.0,1610
train,zone2_02155,3.0,8942
train,zone2_01482,4.0,2124
train,zone2_01280,16.0,45640
train,zone2_01196,4.0,9813
train,zone2_00498,3.0,32302
train,zone1_01405,4.0,2823
train,zone1_00777,8.0,93307
train,zone2_00673,3.0,4741
train,zone2_00423,3.0,26459
train,zone1_02388,1.0,909
train,zone2_01494,16.0,60902
train,zone2_02649,3.0,2280
train,zone2_01151,3.0,36216
train,zone2_01724,3.0,2946
train,zone2_00861,2.0,14165
train,zone1_01062,8.0,1203
train,zone2_02629,3.0,16977
train,zone1_02037,3.0,9182
train,zone2_00207,3.0,444
train,zone1_00104,4.0,3671
train,zone2_04292,4.0,5562
train,zone2_04684,3.0,10084
train,zone2_05259,16.0,10677
train,zone2_00822,3.0,4777
train,zone2_00937,3.0,1141
train,zone2_04177,5.0,67054
train,zone2_03319,3.0,9059
train,zone2_03291,3.0,18128
train,zone1_00984,2.0,6685
train,zone2_02034,8.0,21632
train,zone2_05049,15.0,27889
train,zone2_02010,5.0,50757
train,zone1_01223,8.0,71221
train,zone2_02473,2.0,892
train,zone2_01586,3.0,9575
train,zone2_03249,4.0,32810
train,zone2_02890,8.0,30765
train,zone1_01134,6.0,45824
train,zone2_04402,3.0,2373
train,zone2_02234,2.0,11392
train,zone1_01132,3.0,25153
train,zone2_03467,8.0,40000
train,zone2_03583,9.0,117547
train,zone2_05115,3.0,29203
train,zone2_01004,4.0,10670
train,zone2_00326,3.0,1692
train,zone2_02299,4.0,673
train,zone1_01157,8.0,5862
train,zone2_03904,4.0,45960
train,zone1_02432,2.0,12690
train,zone2_00657,4.0,32320
train,zone1_02299,6.0,5023
train,zone2_01844,4.0,19373
train,zone2_04083,8.0,294
train,zone1_02095,3.0,3732
train,zone1_00030,5.0,6921
train,zone2_02707,6.0,8431
train,zone2_01346,18.0,56320
train,zone1_01626,8.0,6144
train,zone2_00077,2.0,4128
train,zone2_03466,5.0,27561
train,zone2_01986,3.0,8024
train,zone2_02188,3.0,5230
train,zone1_01911,2.0,5237
train,zone2_03602,3.0,40280
train,zone1_01032,4.0,5693
train,zone1_01880,3.0,5816
train,zone1_01428,8.0,47517
train,zone2_03278,10.0,12249
train,zone2_02485,7.0,10027
train,zone2_02924,4.0,24251
train,zone2_05302,15.0,2597
train,zone2_00428,4.0,11834
train,zone2_00442,4.0,10545
train,zone2_04521,3.0,5775
train,zone2_02836,3.0,11957
train,zone2_03574,3.0,13581
train,zone2_04926,11.0,15497
train,zone1_00034,2.0,10951
train,zone1_02462,5.0,18720
train,zone2_04326,3.0,491
train,zone2_00670,3.0,10375
train,zone1_00541,6.0,1217
train,zone2_01796,3.0,999
train,zone2_01891,2.0,530
train,zone2_00317,2.0,625
train,zone2_00757,3.0,15331
train,zone1_02102,8.0,737
train,zone1_01677,8.0,11485
train,zone2_00191,2.0,4447
train,zone1_01102,10.0,127159
train,zone2_02223,5.0,6023
train,zone2_02456,3.0,772
train,zone2_02499,13.0,21536
train,zone2_03549,7.0,3718
train,zone1_00906,8.0,94515
train,zone1_00877,2.0,19730
train,zone2_00780,3.0,2748
train,zone2_03232,4.0,70092
train,zone2_04183,5.0,26402
train,zone1_01583,8.0,22286
train,zone2_01629,3.0,7676
train,zone1_01167,3.0,14010
train,zone2_04563,4.0,9538
train,zone2_02305,4.0,31928
train,zone2_02378,3.0,13344
train,zone1_01059,8.0,61014
train,zone1_00669,18.0,111473
train,zone1_01410,11.0,43053
train,zone1_01432,5.0,81810
train,zone2_02349,6.0,77737
train,zone2_03209,16.0,26642
train,zone2_05238,15.0,12486
train,zone2_02008,3.0,7910
train,zone1_01827,4.0,5596
train,zone2_04173,3.0,8568
train,zone1_02002,6.0,26871
train,zone2_00758,3.0,10751
train,zone1_00990,12.0,46116
train,zone2_02258,2.0,874
train,zone2_02096,3.0,1074
train,zone1_00507,3.0,31464
train,zone2_00125,5.0,2383
train,zone1_01625,8.0,6960
train,zone2_04204,3.0,52241
train,zone2_02098,4.0,3414
train,zone2_01439,5.0,22661
train,zone2_02675,4.0,3003
train,zone2_01733,3.0,1376
train,zone2_05154,15.0,31258
train,zone2_03202,17.0,31418
train,zone2_03656,5.0,206019
train,zone1_01869,8.0,16698
train,zone1_00135,2.0,3154
train,zone2_03138,16.0,10208
train,zone2_04009,3.0,6312
train,zone2_03921,5.0,654
train,zone2_01037,4.0,33416
train,zone2_01671,2.0,2928
train,zone1_00118,8.0,9423
train,zone2_04211,4.0,1830
train,zone2_01628,4.0,19855
train,zone1_00555,18.0,25399
train,zone1_01652,2.0,3393
train,zone2_03004,13.0,72105
train,zone2_04309,3.0,24806
train,zone2_03444,2.0,453
train,zone2_03675,4.0,9103
train,zone1_00651,2.0,121718
train,zone1_02110,2.0,10739
train,zone2_01798,5.0,7789
train,zone2_03395,5.0,14120
train,zone1_02115,1.0,227
train,zone2_02574,3.0,10632
train,zone2_02694,4.0,16693
train,zone2_01512,4.0,5600
train,zone2_04283,3.0,6008
train,zone1_00865,8.0,82966
train,zone2_02450,5.0,131460
train,zone1_00769,9.0,134119
train,zone1_00365,5.0,60361
train,zone2_03903,4.0,19218
train,zone2_00000,3.0,14728
train,zone1_01707,10.0,20858
train,zone2_01954,3.0,33543
train,zone1_01103,8.0,164483
train,zone1_01314,8.0,24527
train,zone2_03596,3.0,7024
train,zone2_03612,3.0,8516
train,zone2_01715,3.0,8075
train,zone1_01230,7.0,37871
train,zone2_01917,4.0,69411
train,zone2_02356,13.0,126967
train,zone1_00402,3.0,24422
train,zone2_00328,2.0,368
train,zone2_00374,4.0,4252
train,zone2_02424,4.0,43716
train,zone2_05007,15.0,49092
train,zone2_04853,3.0,11074
train,zone1_01241,3.0,38498
train,zone1_01383,8.0,36000
train,zone2_00974,3.0,29272
train,zone2_03720,4.0,3412
train,zone2_01301,4.0,67574
train,zone2_03088,4.0,8560
train,zone2_04102,4.0,10013
train,zone2_05207,3.0,2042
train,zone2_05062,3.0,15891
train,zone2_00351,4.0,1763
train,zone1_01357,4.0,41456
train,zone1_01621,10.0,27270
train,zone2_04435,4.0,6667
train,zone2_02004,2.0,1162
train,zone2_00364,3.0,23891
train,zone2_04306,3.0,53773
train,zone2_02519,3.0,2652
train,zone2_00055,3.0,5382
train,zone1_00589,2.0,524
train,zone1_01650,2.0,10003
train,zone1_01128,3.0,2721
train,zone1_00705,8.0,116121
train,zone2_03384,3.0,75379
train,zone1_01937,3.0,49273
train,zone2_00017,3.0,19325
train,zone2_03000,8.0,2073
train,zone2_02043,2.0,1289
train,zone2_02951,3.0,45273
train,zone2_02697,8.0,70557
train,zone2_01638,5.0,12590
train,zone2_02503,4.0,15622
train,zone2_02382,3.0,2832
train,zone2_00860,3.0,6565
train,zone1_01171,6.0,34942
train,zone2_03318,7.0,6662
train,zone2_01081,3.0,45621
train,zone2_00716,3.0,17236
train,zone2_04064,4.0,7438
train,zone2_01343,16.0,30509
train,zone2_04865,8.0,196
train,zone2_05179,4.0,11670
train,zone2_02358,12.0,34553
train,zone1_02408,2.0,65035
train,zone2_03423,5.0,29564
train,zone2_05226,16.0,16655
train,zone2_03910,4.0,6590
train,zone2_02116,4.0,81152
train,zone2_04820,15.0,1593
train,zone2_03923,4.0,8817
train,zone2_00724,3.0,4620
train,zone2_04516,5.0,9603
train,zone2_02974,4.0,11036
train,zone2_03451,3.0,773
train,zone2_05252,11.0,23338
train,zone2_02732,5.0,50553
train,zone2_03199,17.0,18785
train,zone2_05235,14.0,4010
train,zone2_01389,2.0,1707
train,zone2_04894,4.0,7960
train,zone1_01335,2.0,1169
train,zone1_02261,2.0,18560
train,zone1_01627,8.0,19796
train,zone2_04068,3.0,1627
train,zone2_03161,3.0,4635
train,zone2_03045,4.0,18930
train,zone1_00274,4.0,47878
train,zone2_01407,3.0,18009
train,zone1_01309,2.0,6448
train,zone2_04580,6.0,4197
train,zone1_02437,2.0,161
train,zone2_04720,3.0,5357
train,zone2_02621,4.0,10764
train,zone2_05274,5.0,1462
train,zone2_04955,3.0,12466
train,zone2_02782,3.0,60197
train,zone2_03264,10.0,64385
train,zone1_01734,1.0,1679
train,zone2_02445,1.0,453
train,zone2_03018,3.0,6395
train,zone2_02163,2.0,8656
train,zone2_04036,4.0,42333
train,zone2_01953,2.0,1648
train,zone1_00684,3.0,35270
train,zone1_00708,4.0,12479
train,zone2_03115,5.0,9421
train,zone2_00624,2.0,2295
train,zone1_00492,3.0,20448
train,zone1_00603,2.0,1429
train,zone2_04910,3.0,10756
train,zone2_00298,1.0,565
train,zone2_04835,3.0,26301
train,zone2_00801,5.0,3868
train,zone2_04307,3.0,6255
train,zone2_02903,5.0,71994
train,zone2_03542,3.0,22503
train,zone1_00142,2.0,416
train,zone2_05023,15.0,5217
train,zone2_04136,8.0,252
train,zone2_01614,3.0,23406
train,zone2_03995,3.0,8380
train,zone1_01950,2.0,131
train,zone2_02283,12.0,122395
train,zone1_02345,2.0,1672
train,zone1_01944,4.0,12209
train,zone2_01695,3.0,13137
train,zone2_05229,2.0,4761
train,zone1_01714,8.0,329
train,zone1_02140,5.0,24930
train,zone1_01585,2.0,24685
train,zone2_04324,3.0,1232
train,zone1_02267,8.0,2121
train,zone2_03609,4.0,3506
train,zone2_03563,5.0,4891
train,zone2_00621,3.0,5604
train,zone2_00995,3.0,2517
train,zone1_02217,5.0,4790
train,zone2_00833,3.0,30085
train,zone1_01408,12.0,55021
train,zone2_00259,3.0,4737
train,zone1_00351,4.0,16283
train,zone2_01735,7.0,5896
train,zone2_00256,4.0,43815
train,zone2_00375,4.0,1703
train,zone2_03457,8.0,1687
train,zone1_00619,4.0,3242
train,zone2_02150,4.0,6750
train,zone1_02311,2.0,7470
train,zone2_03918,8.0,107
train,zone1_00926,5.0,31766
train,zone2_00887,3.0,2171
train,zone1_01904,1.0,268
train,zone1_01801,4.0,75666
train,zone1_01078,2.0,12132
train,zone1_00182,17.0,72450
train,zone1_01825,2.0,19352
train,zone2_01719,3.0,453
train,zone2_05209,3.0,351
train,zone2_02624,4.0,12866
train,zone1_01519,8.0,13201
train,zone2_03960,3.0,17260
train,zone1_01587,2.0,8612
train,zone1_02228,2.0,6981
train,zone2_00152,3.0,58713
train,zone2_01311,3.0,24841
train,zone2_03023,3.0,19633
train,zone2_00230,2.0,10015
train,zone1_02003,4.0,35564
train,zone1_01928,2.0,1396
train,zone2_05337,4.0,32214
train,zone2_00737,1.0,261
train,zone2_02074,9.0,21438
train,zone1_00473,3.0,164098
train,zone2_02877,3.0,13125
train,zone1_00335,2.0,8636
train,zone2_02212,3.0,1950
train,zone2_01999,4.0,52105
train,zone2_03529,5.0,26706
train,zone2_03270,4.0,2331
train,zone1_00105,3.0,52164
train,zone2_02706,3.0,9231
train,zone1_00817,8.0,86779
train,zone1_01967,3.0,14091
train,zone1_02458,4.0,11121
train,zone2_02770,6.0,1088
train,zone2_01905,4.0,73513
train,zone2_00897,3.0,1128
train,zone2_01052,3.0,6845
train,zone2_05263,3.0,2446
train,zone2_04980,8.0,7266
train,zone1_00015,3.0,925
train,zone2_03476,2.0,234
train,zone1_00223,2.0,19631
train,zone2_02926,6.0,43145
train,zone1_02010,1.0,2773
train,zone2_01821,2.0,885
train,zone2_01476,3.0,11010
train,zone2_01360,3.0,11606
train,zone2_04773,8.0,156
train,zone1_00392,8.0,531
train,zone1_00972,5.0,16660
train,zone1_01218,7.0,43000
train,zone2_04020,8.0,1065
train,zone2_03284,3.0,1952
train,zone2_01012,3.0,5637
train,zone2_04340,4.0,48887
train,zone2_01593,8.0,13328
train,zone2_00480,3.0,9151
train,zone1_02269,4.0,3168
train,zone2_01800,3.0,11100
train,zone1_01676,8.0,921
train,zone2_04489,2.0,1194
train,zone1_00841,4.0,865
train,zone2_01029,3.0,9531
train,zone2_05255,15.0,44777
train,zone2_01655,4.0,9276
train,zone1_00643,18.0,36437
train,zone1_01778,1.0,469
train,zone2_00010,3.0,17452
train,zone2_04196,4.0,8601
train,zone2_04447,4.0,30506
train,zone2_03096,3.0,29625
train,zone1_00126,3.0,722
train,zone2_01085,3.0,8554
train,zone2_04296,3.0,26256
train,zone2_01064,3.0,1379
train,zone1_02433,2.0,16118
train,zone1_01384,8.0,11204
train,zone2_05041,3.0,7176
train,zone2_02579,17.0,13206
train,zone2_01491,4.0,15253
train,zone2_00521,3.0,5162
train,zone1_00659,4.0,28348
train,zone2_04333,3.0,14968
train,zone2_01962,3.0,25082
train,zone1_01400,4.0,952
train,zone2_03926,4.0,2071
train,zone2_03248,4.0,27910
train,zone2_03103,3.0,11996
train,zone2_02741,11.0,4802
train,zone1_00082,18.0,36313
train,zone2_05241,1.0,888
train,zone2_01631,4.0,17185
train,zone2_02388,3.0,3292
train,zone2_01965,2.0,104
train,zone2_03486,3.0,2876
train,zone1_00666,16.0,27723
train,zone2_01645,9.0,20723
train,zone2_05260,8.0,653
train,zone2_04444,3.0,3745
train,zone2_00189,2.0,139
train,zone2_02795,3.0,29011
train,zone2_00753,6.0,3279
train,zone1_01963,3.0,9297
train,zone2_00917,3.0,2264
train,zone2_02551,3.0,6198
train,zone1_01537,14.0,110860
train,zone1_02236,7.0,2498
train,zone2_03765,3.0,4535
train,zone1_01551,8.0,11174
train,zone2_02592,3.0,6685
train,zone2_01789,2.0,689
train,zone1_00681,2.0,88633
train,zone1_01718,8.0,624
train,zone2_01433,3.0,484
train,zone2_03793,3.0,6671
train,zone1_01580,13.0,14839
train,zone1_00197,2.0,18883
train,zone2_02651,5.0,5487
train,zone2_04168,2.0,5717
train,zone1_00442,3.0,95680
train,zone2_04226,2.0,1108
train,zone2_04429,8.0,315
train,zone2_04073,4.0,29109
train,zone2_02196,3.0,1648
train,zone2_00362,3.0,5025
train,zone2_05299,8.0,648
train,zone1_00858,8.0,37948
train,zone1_01086,5.0,28049
train,zone2_04097,3.0,3303
train,zone1_01829,8.0,5274
train,zone1_01375,8.0,1122
train,zone2_04800,2.0,10297
train,zone2_00140,2.0,315
train,zone2_03093,3.0,3757
train,zone2_02156,3.0,9107
train,zone2_01244,3.0,2231
train,zone2_03029,5.0,25657
train,zone2_00128,3.0,34150
train,zone2_03136,8.0,61600
train,zone2_03331,3.0,1176
train,zone2_01564,3.0,6365
train,zone1_00974,3.0,12928
train,zone2_02676,10.0,39527
train,zone2_03525,4.0,7670
train,zone2_04589,5.0,120402
train,zone1_00576,2.0,747
train,zone2_01241,3.0,40757
train,zone2_04432,4.0,41519
train,zone2_01189,4.0,22238
train,zone2_05277,15.0,7049
train,zone1_00904,8.0,70405
train,zone2_00027,2.0,880
train,zone2_01945,7.0,32010
train,zone2_04553,4.0,15595
train,zone2_03087,3.0,11657
train,zone1_00745,8.0,67763
train,zone2_04749,3.0,45545
train,zone2_04628,8.0,92826
train,zone2_00680,3.0,3020
train,zone2_01007,9.0,1259
train,zone1_01603,8.0,8964
train,zone2_05151,2.0,745
train,zone2_03471,3.0,2551
train,zone1_00007,8.0,301
train,zone2_00508,4.0,40177
train,zone1_00727,7.0,54479
train,zone1_00521,3.0,3073
train,zone1_01206,3.0,15403
train,zone2_00343,4.0,9598
train,zone2_02922,18.0,34742
train,zone2_02931,17.0,82673
train,zone1_01549,8.0,4721
train,zone1_00718,3.0,1978
train,zone2_00859,3.0,44283
train,zone1_02412,2.0,23777
train,zone2_00249,3.0,2614
train,zone2_01468,3.0,16987
train,zone1_01461,13.0,52480
train,zone2_00746,3.0,19151
train,zone2_04602,8.0,14224
train,zone2_01417,2.0,1615
train,zone1_02301,2.0,7853
train,zone2_03514,4.0,19670
train,zone1_00713,3.0,55288
train,zone1_01299,6.0,48226
train,zone2_00182,3.0,1458
train,zone2_03767,4.0,25591
train,zone2_02893,9.0,9938
train,zone2_02398,3.0,612
train,zone2_02439,5.0,38880
train,zone2_00522,3.0,34897
train,zone2_01325,2.0,683
train,zone1_00558,4.0,34848
train,zone1_01321,8.0,1122
train,zone2_03312,4.0,34894
train,zone2_04262,3.0,22760
train,zone1_00413,5.0,6559
train,zone2_02632,18.0,11758
train,zone2_04125,3.0,1743
train,zone2_04723,8.0,470
train,zone2_02205,4.0,24044
train,zone2_02987,4.0,36100
train,zone2_02521,4.0,11512
train,zone1_01494,6.0,36947
train,zone2_01048,4.0,12679
train,zone1_02155,8.0,19726
train,zone2_01549,3.0,1259
train,zone1_00454,15.0,26956
train,zone2_00694,4.0,14984
train,zone2_01692,4.0,46589
train,zone2_01320,3.0,12577
train,zone2_02740,5.0,38035
train,zone2_02575,3.0,3383
train,zone2_03634,4.0,26336
train,zone1_00243,3.0,11951
train,zone1_01325,8.0,118719
train,zone2_01079,3.0,5821
train,zone2_05184,7.0,1729
train,zone2_05230,4.0,3810
train,zone1_00726,9.0,11825
train,zone2_03866,4.0,3906
train,zone1_01395,6.0,10875
train,zone1_00534,3.0,7084
train,zone2_02711,4.0,35497
train,zone1_00825,8.0,17889
train,zone2_03226,10.0,13757
train,zone2_01252,3.0,36106
train,zone1_00002,1.0,163
train,zone1_01957,3.0,10404
train,zone1_02156,8.0,22218
train,zone1_00081,19.0,123545
train,zone1_00896,11.0,100179
train,zone1_02464,4.0,6989
train,zone2_02721,3.0,6342
train,zone2_03114,5.0,31675
train,zone1_00369,2.0,888
train,zone2_04634,4.0,4367
train,zone1_02008,3.0,8971
train,zone2_01574,4.0,45999
train,zone2_04442,5.0,9948
train,zone2_02705,3.0,16686
train,zone2_04924,16.0,12131
train,zone2_00842,3.0,31315
train,zone2_00950,3.0,12993
train,zone1_00771,7.0,142747
train,zone1_02306,4.0,10422
train,zone1_00582,18.0,71965
train,zone2_03155,4.0,1665
train,zone2_04144,2.0,5896
train,zone2_04319,5.0,6143
train,zone2_00392,4.0,56496
train,zone2_04936,4.0,1485
train,zone2_02493,4.0,7639
train,zone2_01438,6.0,1003
train,zone2_02119,8.0,864
train,zone2_03890,4.0,4617
train,zone2_03532,3.0,4708
train,zone2_00825,3.0,888
train,zone2_01355,3.0,13259
train,zone2_04233,4.0,5472
train,zone2_02512,6.0,17873
train,zone2_05086,4.0,9525
train,zone1_00711,3.0,6403
train,zone2_05320,3.0,3639
train,zone2_00960,3.0,22084
train,zone1_01453,5.0,2266
train,zone2_01186,3.0,24517
train,zone2_03375,3.0,4745
train,zone2_01591,3.0,21483
train,zone1_02358,1.0,975
train,zone2_05190,16.0,10691
train,zone2_00652,3.0,1477
train,zone1_00229,2.0,2376
train,zone2_00541,3.0,3479
train,zone2_03165,3.0,34164
train,zone2_03677,2.0,688
train,zone2_04761,4.0,8502
train,zone1_01091,2.0,1416
train,zone2_04728,3.0,26374
train,zone2_03216,4.0,40460
train,zone1_01015,1.0,377
train,zone2_04946,3.0,3243
train,zone2_05278,3.0,12019
train,zone1_00953,8.0,101909
train,zone2_01823,3.0,565
train,zone2_00663,3.0,384
train,zone1_01464,9.0,14574
train,zone2_02799,2.0,13518
train,zone2_01503,4.0,37690
train,zone2_04278,3.0,2480
train,zone2_01896,4.0,7685
train,zone1_01150,8.0,787
train,zone2_00711,3.0,11994
train,zone2_04411,3.0,15650
train,zone2_04261,2.0,126
train,zone2_04160,3.0,87969
train,zone2_04179,16.0,14413
train,zone1_01306,6.0,95049
train,zone1_00106,2.0,488
train,zone1_00736,8.0,117450
train,zone1_01107,8.0,338
train,zone2_04420,3.0,8203
train,zone2_04054,3.0,4094
train,zone2_04839,5.0,30728
train,zone2_05037,3.0,3149
train,zone1_01409,11.0,68895
train,zone2_04488,2.0,1607
train,zone2_00723,2.0,484
train,zone2_04100,3.0,15840
train,zone2_04154,8.0,558
train,zone1_01470,2.0,64294
train,zone2_00444,2.0,3627
train,zone2_00725,3.0,11825
train,zone1_01566,3.0,10131
train,zone2_04817,3.0,172
train,zone2_03742,2.0,7785
train,zone1_02226,4.0,12823
train,zone2_04978,8.0,734
train,zone2_00106,2.0,695
train,zone2_04677,4.0,5750
train,zone1_02153,8.0,30020
train,zone2_00788,2.0,568
train,zone2_04657,16.0,8846
train,zone2_00155,4.0,38659
train,zone2_03919,4.0,8360
train,zone2_01487,3.0,6885
train,zone2_05022,15.0,13178
train,zone2_03450,5.0,7208
train,zone2_01661,3.0,20810
train,zone1_00359,3.0,8471
train,zone1_00249,2.0,32837
train,zone1_01962,3.0,6300
train,zone1_02255,5.0,1691
train,zone2_03132,3.0,1696
train,zone1_01687,2.0,24411
train,zone1_02043,5.0,13746
train,zone2_03635,3.0,55450
train,zone2_01784,2.0,1870
train,zone1_01006,8.0,6411
train,zone2_02736,4.0,13010
train,zone2_04504,3.0,47391
train,zone2_00038,3.0,65614
train,zone2_04282,4.0,53062
train,zone2_03158,8.0,633
train,zone2_04587,2.0,3645
train,zone2_04741,3.0,68475
train,zone2_01396,16.0,33700
train,zone2_04320,4.0,8946
train,zone1_00766,6.0,8437
train,zone2_03481,3.0,1588
train,zone1_01449,2.0,1778
train,zone1_00707,8.0,424
train,zone1_01747,14.0,87550
train,zone2_00321,3.0,46635
train,zone1_01567,3.0,21316
train,zone2_01997,4.0,11905
train,zone2_02838,4.0,124721
train,zone1_01617,15.0,29048
train,zone2_04351,5.0,39159
train,zone2_04070,3.0,2494
train,zone1_01774,3.0,6567
train,zone2_04349,5.0,23922
train,zone1_00688,4.0,23438
train,zone1_00207,4.0,11309
train,zone2_04257,4.0,16793
train,zone2_03649,3.0,40138
train,zone1_00501,3.0,9653
train,zone1_01358,2.0,53752
train,zone2_03377,3.0,24355
train,zone2_00920,2.0,2029
train,zone2_02391,3.0,28879
train,zone2_01230,3.0,4302
train,zone2_05053,8.0,498
train,zone1_00527,18.0,87773
train,zone2_00837,2.0,5697
train,zone1_01816,3.0,12525
train,zone2_00168,2.0,132
train,zone2_01219,4.0,41653
train,zone1_00809,13.0,53702
train,zone2_04176,2.0,18583
train,zone1_00089,4.0,16660
train,zone1_00307,6.0,17795
train,zone2_04294,3.0,25185
train,zone1_01060,8.0,45098
train,zone1_02400,6.0,8206
train,zone2_04441,3.0,14217
train,zone2_02569,17.0,304
train,zone2_04090,8.0,1729
train,zone2_00104,1.0,853
train,zone2_00334,3.0,5100
train,zone2_02914,6.0,6226
train,zone1_01640,8.0,7271
train,zone2_00896,3.0,13585
train,zone2_03112,5.0,23536
train,zone2_04210,3.0,4390
train,zone2_03090,4.0,13735
train,zone2_03743,3.0,34748
train,zone2_00924,3.0,5643
train,zone2_01825,3.0,21563
train,zone2_04498,3.0,46786
train,zone1_00497,3.0,454
train,zone1_00572,4.0,7122
train,zone2_02154,3.0,14937
train,zone2_00815,3.0,36908
train,zone1_00417,5.0,4772
train,zone1_01892,4.0,103603
train,zone1_00387,5.0,25846
train,zone1_01023,2.0,1093
train,zone2_05359,2.0,756
train,zone2_03961,3.0,30802
train,zone2_05272,15.0,5108
train,zone2_01701,3.0,11923
train,zone2_01023,2.0,8425
train,zone2_02425,6.0,20680
train,zone1_00127,3.0,8708
train,zone2_01799,4.0,26294
train,zone2_00882,2.0,21145
train,zone2_03524,4.0,93216
train,zone2_05172,9.0,15670
train,zone2_03026,4.0,10692
train,zone2_04612,4.0,23604
train,zone1_02103,8.0,737
train,zone1_01623,3.0,24453
train,zone1_01457,6.0,12089
train,zone2_01484,2.0,1014
train,zone2_00435,3.0,8241
train,zone1_00373,3.0,29191
train,zone2_02853,5.0,74971
train,zone1_01342,4.0,1961
train,zone2_01031,3.0,95332
train,zone2_02523,3.0,2405
train,zone2_02716,4.0,10751
train,zone1_00165,4.0,15069
train,zone2_01654,4.0,97557
train,zone2_00377,3.0,4186
train,zone2_03028,3.0,15721
train,zone2_00907,3.0,9595
train,zone2_03928,2.0,5126
train,zone2_04250,4.0,8784
train,zone2_04928,3.0,10703
train,zone2_05112,17.0,3897
train,zone2_03462,3.0,2038
train,zone2_05039,3.0,463
train,zone2_01014,3.0,1207
train,zone2_03049,5.0,44618
train,zone1_01897,5.0,9896
train,zone2_01975,8.0,7875
train,zone1_01851,5.0,2852
train,zone1_00850,3.0,27173
train,zone2_04806,15.0,64228
train,zone1_01467,10.0,81330
train,zone2_02077,8.0,22030
train,zone1_00494,3.0,3495
train,zone2_02278,2.0,1590
train,zone2_04155,8.0,845
train,zone2_03637,2.0,582
train,zone2_04238,3.0,11606
train,zone1_00673,2.0,802
train,zone1_00432,3.0,19252
train,zone2_02737,3.0,581
train,zone2_04222,4.0,1076
train,zone1_02394,3.0,26201
train,zone2_00677,3.0,4635
train,zone2_04494,6.0,78011
train,zone1_00557,4.0,17877
train,zone1_00830,2.0,6814
train,zone2_02525,3.0,7873
train,zone1_00956,8.0,112173
train,zone1_01113,8.0,34254
train,zone1_01854,2.0,4910
train,zone2_01721,2.0,547
train,zone1_01336,2.0,14637
train,zone2_00535,3.0,1057
train,zone2_01934,4.0,2218
train,zone2_01387,1.0,901
train,zone1_01609,2.0,3642
train,zone2_03357,3.0,44469
train,zone2_01942,3.0,4695
train,zone2_03555,4.0,8193
train,zone2_04267,4.0,32737
train,zone2_04035,2.0,3408
train,zone2_02003,3.0,491
train,zone1_00969,3.0,21972
train,zone2_04201,3.0,6257
train,zone2_02132,8.0,528
train,zone1_01781,15.0,48323
train,zone2_02946,3.0,38171
train,zone1_02325,6.0,112
train,zone1_02424,2.0,1060
train,zone2_02516,4.0,63430
train,zone1_01615,15.0,33282
train,zone2_04789,3.0,7742
train,zone2_03113,4.0,111
train,zone1_00546,4.0,19014
train,zone1_02070,7.0,20905
train,zone2_02998,6.0,38886
train,zone2_04548,8.0,102843
train,zone1_00347,8.0,242
train,zone2_03120,4.0,7149
train,zone1_01877,7.0,3524
train,zone2_02494,3.0,9609
train,zone2_01191,3.0,13406
train,zone2_00393,3.0,31624
train,zone1_01691,3.0,15470
train,zone1_02128,8.0,492
train,zone2_00986,5.0,10370
train,zone2_05008,15.0,72088
train,zone1_00948,8.0,38367
train,zone2_04240,2.0,210
train,zone2_03809,5.0,20086
train,zone2_02763,8.0,131
train,zone2_04809,15.0,40354
train,zone2_02284,13.0,84812
train,zone2_04135,8.0,471
train,zone1_00245,2.0,4071
train,zone1_02015,2.0,2717
train,zone2_01795,3.0,4376
train,zone1_00975,7.0,7608
train,zone1_02170,2.0,9796
train,zone2_02972,4.0,38182
train,zone1_00425,3.0,1530
train,zone1_01259,2.0,56301
train,zone2_00501,3.0,4159
train,zone2_01756,3.0,26059
train,zone2_02980,5.0,16313
train,zone2_04923,15.0,35405
train,zone2_00215,2.0,663
train,zone2_05248,15.0,3146
train,zone2_02948,3.0,18058
train,zone2_04215,4.0,76799
train,zone1_00039,3.0,2966
train,zone2_01116,3.0,28235
train,zone2_00363,3.0,23010
train,zone2_00961,3.0,9787
train,zone2_00127,3.0,944
train,zone2_02602,2.0,425
train,zone1_02218,3.0,54358
train,zone1_00954,8.0,97792
train,zone2_03800,6.0,9944
train,zone1_01679,8.0,33874
train,zone2_02245,3.0,5031
train,zone2_05156,14.0,59393
train,zone2_03749,3.0,31774
train,zone2_02900,2.0,984
train,zone2_01624,3.0,49985
train,zone2_02630,3.0,1699
train,zone2_04909,2.0,3542
train,zone2_01211,15.0,21343
train,zone2_02969,6.0,2100
train,zone2_02402,2.0,463
train,zone2_00701,3.0,6878
train,zone2_03835,3.0,4939
train,zone2_02442,2.0,60809
train,zone2_03193,17.0,70531
train,zone1_01508,10.0,81545
train,zone1_01900,3.0,76851
train,zone1_00993,4.0,74291
train,zone2_00073,5.0,2591
train,zone2_00552,3.0,1122
train,zone1_01244,1.0,4299
train,zone2_00736,3.0,12388
train,zone1_02309,3.0,41871
train,zone1_01194,8.0,10459
train,zone1_00821,8.0,87875
train,zone2_04514,4.0,14288
train,zone1_00032,13.0,52854
train,zone1_01870,8.0,2022
train,zone2_04242,3.0,829
train,zone2_04672,3.0,19038
train,zone1_01340,6.0,4934
train,zone1_01272,8.0,6748
train,zone2_00983,3.0,6821
train,zone2_02167,5.0,48166
train,zone1_01156,8.0,18429
train,zone2_01070,3.0,32324
train,zone2_05342,6.0,26603
train,zone2_01115,4.0,17828
train,zone1_00282,3.0,20438
train,zone1_01642,4.0,2879
train,zone2_04499,3.0,34651
train,zone2_05109,15.0,43226
train,zone1_02112,3.0,23529
train,zone2_00817,2.0,1315
train,zone1_00914,8.0,3037
train,zone2_02087,6.0,4141
train,zone2_02054,4.0,13879
train,zone2_01842,3.0,17557
train,zone2_05314,3.0,1081
train,zone1_02056,4.0,9875
train,zone2_01573,2.0,5872
train,zone1_01527,8.0,6719
train,zone1_02341,8.0,10310
train,zone1_00319,8.0,446
train,zone2_00906,2.0,1216
train,zone2_02899,5.0,13619
train,zone2_03225,3.0,1625
train,zone2_00473,4.0,11786
train,zone2_01274,6.0,2409
train,zone1_01704,1.0,404
train,zone1_01016,2.0,43530
train,zone1_01318,11.0,27530
train,zone2_05127,3.0,8391
train,zone2_01985,8.0,13245
train,zone2_00208,4.0,9356
train,zone2_01743,2.0,17258
train,zone2_02999,9.0,33371
train,zone2_02671,4.0,17025
train,zone2_00812,4.0,40198
train,zone1_02264,8.0,9828
train,zone1_00144,4.0,14985
train,zone2_04170,8.0,184
train,zone2_01456,2.0,825
train,zone2_01337,3.0,8034
train,zone1_00733,8.0,13348
train,zone2_03654,3.0,18412
train,zone2_03366,4.0,12321
train,zone1_01568,3.0,12161
train,zone2_02919,4.0,75820
train,zone1_01932,8.0,342
train,zone1_00188,3.0,120
train,zone2_01588,3.0,2251
train,zone2_03963,8.0,407
train,zone2_01057,2.0,6851
train,zone2_01834,3.0,25110
train,zone1_00180,4.0,7782
train,zone1_00010,4.0,4778
train,zone2_03222,4.0,2286
train,zone2_00557,3.0,20281
train,zone2_01813,4.0,5565
train,zone2_02288,4.0,24087
train,zone2_00483,8.0,5470
train,zone2_02772,4.0,26667
train,zone2_03106,5.0,3386
train,zone2_02960,3.0,859
train,zone2_03510,6.0,1891
train,zone2_02989,4.0,11254
train,zone2_04803,4.0,1443
train,zone2_03355,6.0,70024
train,zone2_03231,5.0,39594
train,zone2_01557,3.0,26664
train,zone1_02321,8.0,34539
train,zone2_03008,17.0,12079
train,zone2_05002,3.0,963
train,zone1_00227,1.0,533
train,zone2_03857,7.0,11533
train,zone1_02092,3.0,769
train,zone2_03572,3.0,22478
train,zone2_01657,3.0,1609
train,zone1_00315,5.0,19638
train,zone2_02603,3.0,432
train,zone2_04049,5.0,14810
train,zone2_01516,2.0,140
train,zone2_00440,4.0,7307
train,zone1_01077,3.0,117487
train,zone1_00261,3.0,43075
train,zone2_04825,2.0,1938
train,zone1_01114,8.0,73606
train,zone1_01758,8.0,438
train,zone2_00828,4.0,9443
train,zone1_01372,8.0,6957
train,zone2_04989,4.0,68576
train,zone2_02930,13.0,120334
train,zone2_00682,3.0,34648
train,zone1_00483,2.0,9711
train,zone2_05147,16.0,49214
train,zone2_00525,3.0,6479
train,zone2_04860,15.0,21382
train,zone2_03362,4.0,30761
train,zone2_00722,3.0,6662
train,zone2_03116,4.0,384
train,zone1_00519,8.0,291
train,zone1_01523,8.0,24821
train,zone1_00683,3.0,2013
train,zone1_01061,8.0,22143
train,zone2_01718,5.0,14491
train,zone2_00891,3.0,5715
train,zone2_00730,3.0,25534
train,zone1_02118,7.0,20893
train,zone2_02241,4.0,31874
train,zone1_01420,3.0,44916
train,zone2_01426,3.0,42348
train,zone2_01960,4.0,38985
train,zone2_04919,15.0,61670
train,zone1_00046,4.0,9416
train,zone2_01787,2.0,6269
train,zone2_05205,8.0,951
train,zone2_02052,4.0,17404
train,zone1_00051,2.0,7653
train,zone1_00489,3.0,10846
train,zone2_03058,3.0,33372
train,zone2_00556,3.0,2660
train,zone2_00218,4.0,9515
train,zone2_00560,4.0,72239
train,zone2_02674,3.0,46024
train,zone2_04782,5.0,15037
train,zone1_00225,2.0,49711
train,zone2_03747,3.0,13852
train,zone2_00030,3.0,13914
train,zone1_01857,2.0,3322
train,zone1_00475,2.0,62170
train,zone2_01670,4.0,13218
train,zone2_02401,4.0,31851
train,zone1_00353,3.0,38568
train,zone2_03516,1.0,4578
train,zone2_03477,2.0,554
train,zone1_00977,3.0,31546
train,zone2_03091,2.0,743
train,zone2_04944,4.0,11542
train,zone2_00512,3.0,13671
train,zone2_02186,4.0,164854
train,zone2_00384,3.0,3114
train,zone2_05329,4.0,17339
train,zone1_00270,3.0,109621
train,zone2_02248,3.0,9619
train,zone2_00312,3.0,1029
train,zone2_00184,3.0,3383
train,zone2_00941,4.0,13499
train,zone2_05180,8.0,565
train,zone2_00121,3.0,4427
train,zone1_02402,3.0,9088
train,zone1_01600,8.0,58560
train,zone2_05250,14.0,7924
train,zone1_02197,3.0,4664
train,zone1_00636,15.0,102403
train,zone2_00832,3.0,11069
train,zone2_01513,4.0,42823
train,zone1_00832,3.0,18682
train,zone2_01295,3.0,6332
train,zone1_02094,1.0,767
train,zone2_04953,6.0,757
train,zone2_03195,8.0,67770
train,zone2_04802,2.0,3310
train,zone2_03104,5.0,11102
train,zone2_04343,7.0,1459
train,zone2_01716,3.0,65102
train,zone2_03686,2.0,686
train,zone2_04834,4.0,92367
train,zone2_04181,8.0,599
train,zone1_02346,1.0,593
train,zone2_05032,5.0,28264
train,zone2_02182,4.0,12711
train,zone2_04093,2.0,650
train,zone1_01767,3.0,17342
train,zone2_03728,3.0,274
train,zone2_04001,3.0,15887
train,zone2_03038,4.0,5433
train,zone2_02650,5.0,5930
train,zone2_04903,5.0,45439
train,zone2_01381,3.0,48090
train,zone1_01415,10.0,71753
train,zone2_00516,3.0,14593
train,zone2_00970,3.0,843
train,zone2_00691,3.0,19549
train,zone1_01081,2.0,1194
train,zone2_00115,3.0,5948
train,zone2_02024,10.0,9969
train,zone1_00098,7.0,13740
train,zone2_05064,15.0,13274
train,zone2_01615,3.0,16451
train,zone2_02160,4.0,30575
train,zone1_00923,3.0,2684
train,zone2_00684,3.0,67682
train,zone2_01833,4.0,26145
train,zone2_02250,4.0,437
train,zone1_00447,2.0,834
train,zone2_02968,2.0,2507
train,zone2_00732,3.0,28667
train,zone2_03945,4.0,10642
train,zone1_01683,3.0,2458
train,zone1_02471,8.0,7856
train,zone1_00219,3.0,20501
train,zone2_03168,5.0,100823
train,zone2_03148,2.0,1410
train,zone2_05334,4.0,3724
train,zone1_02268,2.0,657
train,zone2_03263,17.0,72616
train,zone2_03326,3.0,8522
train,zone2_05017,8.0,57269
train,zone2_01040,4.0,25764
train,zone2_04626,2.0,575
train,zone2_02158,3.0,3547
train,zone1_01008,8.0,121023
train,zone2_02105,3.0,18736
train,zone2_02542,5.0,35299
train,zone2_02483,3.0,43552
train,zone2_02554,3.0,2389
train,zone2_01147,3.0,43083
train,zone2_04052,3.0,11926
train,zone2_02619,3.0,26780
train,zone1_01745,9.0,56805
train,zone2_03340,4.0,2852
train,zone2_01128,7.0,281
train,zone1_01344,1.0,864
train,zone1_00069,2.0,25605
train,zone2_03889,4.0,29289
train,zone2_05213,5.0,13850
train,zone1_01090,2.0,9715
train,zone2_00658,3.0,9986
train,zone1_01123,7.0,11838
train,zone2_02112,3.0,58865
train,zone2_03494,11.0,19414
train,zone2_00089,3.0,1659
train,zone1_00845,6.0,17473
train,zone2_05354,3.0,8058
train,zone1_00731,13.0,55994
train,zone2_00661,3.0,30957
train,zone2_04085,3.0,251
train,zone2_05054,8.0,773
train,zone2_04203,3.0,51606
train,zone2_03763,4.0,3290
train,zone2_00982,4.0,5073
train,zone1_00987,4.0,24812
train,zone2_00337,2.0,415
train,zone2_02717,3.0,7127
train,zone2_03838,2.0,4478
train,zone2_01168,3.0,20749
train,zone2_03490,4.0,2575
train,zone2_02830,2.0,1302
train,zone1_00638,16.0,4799
train,zone2_01429,3.0,12972
train,zone1_01748,14.0,76305
train,zone1_00008,5.0,158
train,zone1_00779,8.0,150756
train,zone2_03530,5.0,34330
train,zone2_03067,17.0,95729
train,zone2_02325,3.0,1037
train,zone2_00025,3.0,21151
train,zone2_00769,2.0,1524
train,zone1_00424,6.0,13702
train,zone1_01355,8.0,53753
train,zone2_00569,3.0,23062
train,zone1_00675,3.0,33971
train,zone2_04570,7.0,4376
train,zone2_00475,3.0,14001
train,zone2_04988,3.0,5529
train,zone1_02244,8.0,844
train,zone1_01302,5.0,10663
train,zone2_02319,4.0,17145
train,zone2_05183,3.0,4924
train,zone1_01657,3.0,15422
train,zone2_01027,3.0,44433
train,zone1_00005,1.0,8300
train,zone2_04572,2.0,2121
train,zone2_01809,4.0,20378
train,zone2_03652,3.0,7958
train,zone2_02839,3.0,66482
train,zone2_03040,6.0,7214
train,zone2_03841,3.0,3571
train,zone1_00815,8.0,82242
train,zone2_03870,2.0,2413
train,zone1_00396,3.0,13393
train,zone2_00338,3.0,1212
train,zone2_01498,17.0,73306
train,zone1_01069,11.0,31257
train,zone2_00289,2.0,104
train,zone1_02323,4.0,11446
train,zone2_00167,2.0,132
train,zone2_02269,4.0,63681
train,zone2_01575,3.0,13943
train,zone2_03504,3.0,6263
train,zone2_01042,5.0,9185
train,zone1_01784,2.0,8383
train,zone2_00781,3.0,14439
train,zone2_02032,8.0,34195
train,zone2_03621,3.0,4405
train,zone2_01278,16.0,26232
train,zone2_03528,3.0,8243
train,zone1_00020,1.0,117
train,zone2_04450,8.0,580
train,zone2_01521,4.0,2764
train,zone2_04448,4.0,71747
train,zone2_04272,4.0,22745
train,zone2_04443,8.0,15452
train,zone2_02668,2.0,5850
train,zone2_00823,3.0,7933
train,zone2_02051,3.0,6404
train,zone1_00618,10.0,14617
train,zone2_03297,7.0,33169
train,zone2_00596,3.0,46270
train,zone2_00916,3.0,30020
train,zone1_02201,9.0,5438
train,zone1_01164,1.0,2252
train,zone2_01878,4.0,48031
train,zone2_00740,3.0,13130
train,zone2_03259,3.0,187
train,zone2_03578,3.0,38378
train,zone1_01198,8.0,4799
train,zone1_02045,6.0,6451
train,zone1_01087,3.0,8778
train,zone1_01039,3.0,17514
train,zone2_03632,9.0,18310
train,zone1_00485,13.0,91512
train,zone2_00894,3.0,26694
train,zone1_01110,8.0,21807
train,zone1_00780,8.0,51867
train,zone2_01737,3.0,14510
train,zone2_03478,3.0,11919
train,zone2_05279,4.0,500
train,zone1_02397,3.0,11933
train,zone2_00174,2.0,4256
train,zone1_01379,8.0,127948
train,zone1_02302,3.0,19531
train,zone2_00396,3.0,15411
train,zone1_00486,13.0,99721
train,zone1_01695,4.0,7478
train,zone1_01692,2.0,984
train,zone2_01979,7.0,23386
train,zone2_04114,8.0,145
train,zone2_01030,3.0,26669
train,zone2_00395,3.0,18229
train,zone1_01719,8.0,14655
train,zone1_01941,2.0,338
train,zone2_02744,3.0,3473
train,zone2_01119,4.0,2878
train,zone2_05349,8.0,312
train,zone2_00378,3.0,2781
train,zone2_05206,8.0,226
train,zone2_02275,5.0,1303
train,zone1_00264,3.0,10878
train,zone2_02587,8.0,1250
train,zone2_02353,13.0,47813
train,zone1_00838,2.0,27179
train,zone2_05323,3.0,2021
train,zone1_01790,8.0,99925
train,zone2_01138,17.0,73362
train,zone1_00340,4.0,8235
train,zone2_00528,3.0,19347
train,zone1_02194,3.0,41065
train,zone2_02550,3.0,2067
train,zone1_00927,4.0,42328
train,zone2_05177,3.0,26271
train,zone2_03927,2.0,12722
train,zone2_01269,2.0,3146
train,zone2_03349,4.0,16136
train,zone2_02701,4.0,2094
train,zone2_04372,4.0,1788
train,zone1_02251,10.0,31110
train,zone2_04998,7.0,6062
train,zone1_02392,8.0,70439
train,zone2_03414,3.0,286
train,zone1_00252,3.0,9453
train,zone2_04893,5.0,2054
train,zone1_01370,10.0,8138
train,zone2_01526,4.0,3834
train,zone2_05101,16.0,10564
train,zone2_02801,11.0,30777
train,zone2_04063,8.0,383
train,zone2_01981,8.0,62053
train,zone2_02722,2.0,40701
train,zone2_02426,2.0,262
train,zone2_04597,4.0,38699
train,zone1_01598,4.0,13166
train,zone2_04759,2.0,916
train,zone2_04540,9.0,4970
train,zone1_00078,2.0,952
train,zone2_00464,3.0,6832
train,zone2_02264,5.0,12876
train,zone2_01217,2.0,1183
train,zone2_05222,5.0,1497
train,zone1_01532,3.0,18887
train,zone1_01149,8.0,643
train,zone1_02366,8.0,150
train,zone2_03958,3.0,4156
train,zone1_01366,8.0,34668
train,zone1_01419,2.0,32006
train,zone2_04676,4.0,6420
train,zone2_02084,2.0,24172
train,zone2_04966,15.0,51029
train,zone2_00666,4.0,2876
train,zone1_01129,2.0,12162
train,zone2_01966,3.0,12353
train,zone2_00705,3.0,3440
train,zone2_01707,4.0,17051
train,zone2_04965,15.0,41893
train,zone2_03042,5.0,48364
train,zone1_01499,6.0,15717
train,zone1_00958,8.0,22443
train,zone2_04169,3.0,1602
train,zone2_04416,8.0,12509
train,zone1_00965,2.0,6388
train,zone2_00088,3.0,12925
train,zone2_03878,4.0,1111
train,zone2_03221,8.0,753
train,zone2_02783,3.0,44363
train,zone2_03265,9.0,31114
train,zone2_02019,7.0,9399
train,zone2_03302,6.0,37074
train,zone2_04060,3.0,31706
train,zone1_00935,6.0,32970
train,zone2_00738,3.0,1817
train,zone2_03694,4.0,7641
train,zone2_00090,3.0,42406
train,zone2_03092,3.0,9175
train,zone2_01532,15.0,4492
train,zone1_02149,3.0,34791
train,zone1_00933,3.0,5073
train,zone2_01271,3.0,14417
train,zone2_04687,3.0,29885
train,zone2_00193,2.0,2496
train,zone2_02712,2.0,5181
train,zone1_01531,3.0,18356
train,zone1_00833,2.0,17342
train,zone1_00512,3.0,18898
train,zone1_02280,3.0,12569
train,zone1_01685,2.0,39791
train,zone1_01759,8.0,422
train,zone1_00036,2.0,33384
train,zone2_04478,7.0,24431
train,zone2_01041,4.0,66627
train,zone2_01205,5.0,46141
train,zone2_03333,3.0,20907
train,zone1_00239,8.0,538
train,zone2_00763,3.0,3686
train,zone2_01063,5.0,31844
train,zone2_03258,7.0,4534
train,zone1_01511,7.0,66212
train,zone2_03371,4.0,664
train,zone1_01899,3.0,35654
train,zone2_01308,3.0,34281
train,zone2_03586,3.0,301
train,zone2_00234,4.0,5177
train,zone1_01311,3.0,5033
train,zone2_03799,6.0,18252
train,zone2_01750,3.0,4036
train,zone2_04594,3.0,1493
train,zone1_01346,3.0,24149
train,zone2_01961,3.0,3344
train,zone2_01928,5.0,11400
train,zone1_00185,4.0,21311
train,zone1_00942,8.0,109163
train,zone1_00366,5.0,8399
train,zone1_02459,4.0,402
train,zone2_05282,4.0,135
train,zone2_02323,3.0,60854
train,zone2_01229,4.0,1497
train,zone2_02943,4.0,16901
train,zone1_00799,3.0,6495
train,zone2_04288,3.0,9033
train,zone2_01930,3.0,335
train,zone2_02786,3.0,1965
train,zone2_02176,9.0,10685
train,zone2_04843,8.0,159
train,zone2_03947,3.0,1144
train,zone2_00333,3.0,45721
train,zone2_04391,4.0,32231
train,zone2_00376,3.0,435
train,zone1_01160,3.0,2969
train,zone1_00950,8.0,72585
train,zone1_00703,8.0,96070
train,zone2_03543,8.0,159
train,zone1_02420,3.0,64862
train,zone2_04055,3.0,45014
train,zone2_01477,4.0,16307
train,zone1_00201,3.0,2961
train,zone2_00348,4.0,18392
train,zone1_01234,8.0,1281
train,zone2_04099,3.0,29178
train,zone2_03032,2.0,922
train,zone2_00727,3.0,1555
train,zone2_00587,3.0,18810
train,zone2_01174,3.0,34009
train,zone2_02316,5.0,15292
train,zone2_04191,2.0,1324
train,zone2_01706,3.0,1325
train,zone2_04374,8.0,318
train,zone1_02119,2.0,1447
train,zone2_02236,3.0,10849
train,zone1_00086,3.0,7259
train,zone2_03361,4.0,51012
train,zone2_01049,5.0,2004
train,zone2_00239,1.0,5591
train,zone2_04595,3.0,25071
train,zone2_02335,3.0,38638
train,zone2_03874,3.0,2424
train,zone2_00431,8.0,6796
train,zone2_02885,3.0,3331
train,zone2_05013,3.0,2543
train,zone1_00696,8.0,119528
train,zone2_05167,4.0,54131
train,zone2_02463,5.0,67130
train,zone1_00301,3.0,16847
train,zone2_00949,3.0,5709
train,zone2_01673,3.0,14391
train,zone2_01900,2.0,170
train,zone2_04689,3.0,4213
train,zone2_01448,16.0,48146
train,zone2_01201,3.0,5014
train,zone2_03832,4.0,4451
train,zone2_00611,3.0,12509
train,zone2_05093,5.0,3510
train,zone1_01262,8.0,35394
train,zone1_02069,7.0,21877
train,zone1_01982,2.0,469
train,zone2_02820,4.0,16525
train,zone1_01140,5.0,70829
train,zone2_02626,3.0,1226
train,zone2_00874,3.0,6889
train,zone2_05107,15.0,40370
train,zone2_03068,9.0,45050
train,zone2_01114,3.0,4424
train,zone1_01717,12.0,34050
train,zone2_01304,5.0,2220
train,zone2_05308,4.0,1494
train,zone1_01473,3.0,91323
train,zone1_01636,8.0,26698
train,zone2_05171,6.0,16803
train,zone2_00513,4.0,7357
train,zone2_00741,3.0,6379
train,zone2_03717,4.0,18674
train,zone2_00603,2.0,809
train,zone2_00192,2.0,2150
train,zone1_01985,8.0,6571
train,zone2_01545,3.0,90783
train,zone1_02387,1.0,1923
train,zone2_04461,4.0,117028
train,zone2_02580,3.0,23088
train,zone1_01455,3.0,2818
train,zone2_04908,2.0,4345
train,zone2_03101,3.0,760
train,zone1_01645,2.0,13540
train,zone2_02321,3.0,26522
train,zone2_02314,4.0,9709
train,zone1_01115,8.0,91809
train,zone2_02166,5.0,4807
train,zone2_00265,3.0,13566
train,zone2_03920,9.0,13250
train,zone2_00222,2.0,934
train,zone2_04962,8.0,369
train,zone2_05217,3.0,15904
train,zone2_05218,3.0,19283
train,zone2_02475,4.0,18528
train,zone2_00018,2.0,737
train,zone2_02380,15.0,6430
train,zone2_02164,3.0,59121
train,zone2_01273,6.0,15400
train,zone1_01601,8.0,22445
train,zone2_01584,5.0,13477
train,zone2_05210,8.0,698
train,zone1_02061,2.0,2478
train,zone2_00481,3.0,29856
train,zone2_02113,8.0,82548
train,zone2_02594,3.0,3019
train,zone2_02652,4.0,3301
train,zone2_00972,3.0,17934
train,zone2_04882,3.0,69546
train,zone2_01083,4.0,90678
train,zone1_01369,10.0,64841
train,zone1_00518,5.0,2568
train,zone2_03887,2.0,15509
train,zone2_01562,3.0,38913
train,zone2_04329,3.0,464
train,zone1_02466,3.0,51604
train,zone1_02202,5.0,52443
train,zone2_02878,3.0,6513
train,zone1_01388,2.0,3761
train,zone2_05224,8.0,477
train,zone1_01389,5.0,18711
train,zone2_01791,5.0,12209
train,zone1_01988,1.0,898
train,zone1_00693,9.0,44508
train,zone2_00699,3.0,273
train,zone2_03547,8.0,40689
train,zone2_03989,4.0,34879
train,zone1_00101,1.0,924
train,zone2_04703,15.0,7167
train,zone2_03449,4.0,11521
train,zone2_04281,4.0,5384
train,zone2_00422,3.0,23377
train,zone1_00734,8.0,77796
train,zone2_02875,4.0,32401
train,zone1_00846,6.0,71886
train,zone2_03999,10.0,7910
train,zone2_03552,4.0,10939
train,zone2_01199,3.0,15334
train,zone2_02715,5.0,35007
train,zone1_01535,3.0,23118
train,zone1_00715,2.0,69881
train,zone2_04886,5.0,69931
train,zone2_05313,6.0,15358
train,zone1_02209,3.0,25611
train,zone2_00471,3.0,16464
train,zone2_01166,3.0,2784
train,zone2_04801,2.0,856
train,zone2_02540,3.0,6584
train,zone1_00749,8.0,7788
train,zone1_00872,3.0,48913
train,zone2_03055,5.0,9073
train,zone2_03897,4.0,4082
train,zone2_00714,3.0,29672
train,zone2_04945,5.0,6437
train,zone2_05311,6.0,6340
train,zone2_02811,3.0,13174
train,zone1_02195,3.0,12049
train,zone1_00672,13.0,10448
train,zone2_02700,18.0,84946
train,zone1_02018,1.0,5948
train,zone1_02419,3.0,2809
train,zone1_00702,6.0,39326
train,zone2_03898,3.0,13628
train,zone1_01521,5.0,101
train,zone2_03527,5.0,38564
train,zone2_00598,2.0,1589
train,zone2_02053,2.0,3915
train,zone2_00437,3.0,9141
train,zone1_01868,8.0,11028
train,zone2_01542,4.0,3587
train,zone2_03557,5.0,950
train,zone2_03986,3.0,22027
train,zone1_00242,4.0,9966
train,zone2_00196,1.0,100
train,zone2_02251,4.0,34809
train,zone2_00313,3.0,11938
train,zone2_04384,3.0,27942
train,zone1_01901,3.0,29287
train,zone2_01103,3.0,38119
train,zone1_00800,3.0,3902
train,zone2_04194,3.0,30706
train,zone2_00356,3.0,737
train,zone2_01625,3.0,68981
train,zone1_00642,18.0,115402
train,zone2_02203,3.0,24455
train,zone2_00667,3.0,8796
train,zone2_00240,2.0,214
train,zone2_04991,8.0,491
train,zone2_00710,3.0,11895
train,zone1_01969,3.0,219
train,zone1_01330,8.0,1323
train,zone2_02791,3.0,107
train,zone1_00630,3.0,8911
train,zone2_04413,6.0,1872
train,zone2_04008,2.0,4520
train,zone2_03883,2.0,247
train,zone2_02179,8.0,550
train,zone2_04041,2.0,1221
train,zone2_04230,4.0,57148
train,zone1_00269,2.0,155490
train,zone2_03006,12.0,118102
train,zone1_02296,2.0,1923
train,zone1_00609,8.0,19571
train,zone1_00381,4.0,29833
train,zone1_02220,2.0,793
train,zone2_01418,2.0,727
train,zone1_01731,2.0,438
train,zone1_01882,7.0,2265
train,zone1_00348,8.0,15821
train,zone2_04131,8.0,6631
train,zone2_02481,3.0,18175
train,zone2_02648,4.0,7206
train,zone2_01077,3.0,5460
train,zone2_03077,12.0,88168
train,zone1_00677,3.0,4827
train,zone1_01403,3.0,7434
train,zone1_00077,6.0,15118
train,zone2_05120,4.0,5181
train,zone2_01422,3.0,27400
train,zone2_02050,2.0,105
train,zone2_02268,6.0,6602
train,zone2_00629,5.0,2083
train,zone2_00843,4.0,36607
train,zone2_03779,15.0,10654
train,zone2_02384,3.0,1688
train,zone2_04527,7.0,10766
train,zone2_02887,3.0,3198
train,zone1_01850,5.0,7563
train,zone1_01992,3.0,21162
train,zone2_01283,17.0,13984
train,zone2_02784,3.0,2848
train,zone2_00579,3.0,22540
train,zone2_02276,2.0,2307
train,zone2_00774,2.0,643
train,zone1_02189,8.0,6882
train,zone2_00426,3.0,13486
train,zone2_04040,7.0,16107
train,zone2_03212,3.0,40429
train,zone2_03198,3.0,777
train,zone2_02293,19.0,10126
train,zone1_01219,4.0,19721
train,zone2_03577,3.0,17019
train,zone1_00789,8.0,1950
train,zone2_04856,15.0,10276
train,zone1_01468,6.0,82438
train,zone2_02978,5.0,47493
train,zone2_03924,5.0,16031
train,zone1_00140,10.0,28934
train,zone1_02348,3.0,21403
train,zone2_01911,3.0,39532
train,zone2_03305,3.0,4184
train,zone2_01859,3.0,3967
train,zone1_00137,6.0,24862
train,zone1_00097,1.0,6632
train,zone2_00892,4.0,20735
train,zone2_02869,7.0,6844
train,zone2_01882,7.0,6891
train,zone1_00054,4.0,17454
train,zone2_04171,3.0,2805
train,zone2_01519,2.0,2445
train,zone2_05164,3.0,16930
train,zone1_00495,8.0,646
train,zone2_02688,17.0,27765
train,zone2_01258,5.0,30551
train,zone2_01665,2.0,2038
train,zone2_05343,5.0,11140
train,zone1_00074,8.0,787
train,zone1_01237,8.0,34341
train,zone2_04932,8.0,35234
train,zone1_01895,17.0,23257
train,zone2_04561,6.0,24163
train,zone2_00901,3.0,4966
train,zone1_00052,3.0,3519
train,zone1_00397,2.0,515
train,zone1_00608,8.0,53900
train,zone1_00277,4.0,12844
train,zone2_03568,2.0,526
train,zone1_00481,3.0,16031
train,zone2_02889,3.0,253
train,zone1_01507,14.0,29449
train,zone2_01523,3.0,25821
train,zone2_03834,3.0,28220
train,zone1_01146,8.0,63375
train,zone1_01386,8.0,28228
train,zone2_00408,3.0,1198
train,zone1_01378,8.0,40856
train,zone2_01298,3.0,1713
train,zone2_01541,3.0,17134
train,zone2_04293,8.0,140
train,zone1_02108,7.0,5521
train,zone2_02807,8.0,996
train,zone2_02033,8.0,9356
train,zone2_01613,4.0,4025
train,zone1_02013,2.0,566
train,zone2_02190,3.0,4528
train,zone2_00634,2.0,244
train,zone1_01884,5.0,27695
train,zone2_00225,2.0,263
train,zone1_01607,3.0,6312
train,zone2_05142,3.0,9131
train,zone2_03810,5.0,9258
train,zone2_00943,3.0,3895
train,zone2_02702,3.0,4278
train,zone2_02474,4.0,23418
train,zone1_00132,6.0,611
train,zone1_01195,8.0,16067
train,zone1_01812,3.0,9368
train,zone2_02131,3.0,3476
train,zone1_00374,3.0,6043
train,zone2_00913,3.0,11580
train,zone2_00086,3.0,23802
train,zone2_00559,3.0,13105
train,zone1_01664,15.0,52994
train,zone2_00146,3.0,1342
train,zone2_03909,3.0,1708
train,zone1_00807,7.0,128510
train,zone2_01340,15.0,56272
train,zone2_01596,3.0,208
train,zone2_01723,4.0,12378
train,zone2_00469,3.0,32900
train,zone2_04486,3.0,942
train,zone2_04691,8.0,7189
train,zone2_00466,2.0,447
train,zone2_04585,3.0,24552
train,zone2_01342,16.0,20802
train,zone2_00641,4.0,3483
train,zone2_04236,8.0,363
train,zone2_00157,3.0,10382
train,zone2_05295,4.0,23427
train,zone2_02553,4.0,15973
train,zone2_04387,6.0,3100
train,zone1_01675,8.0,5806
train,zone1_01987,1.0,1526
train,zone2_03588,3.0,7652
train,zone2_02453,4.0,82523
train,zone1_01556,5.0,17463
train,zone2_05092,3.0,1167
train,zone2_03916,5.0,9441
train,zone2_00006,2.0,4679
train,zone2_00250,3.0,8724
train,zone1_01711,15.0,14274
train,zone2_01450,16.0,25452
train,zone1_01777,1.0,491
train,zone2_03219,8.0,689
train,zone1_01541,14.0,39153
train,zone2_04780,3.0,4240
train,zone1_00323,2.0,12757
train,zone2_00612,3.0,6843
train,zone1_02199,3.0,42148
train,zone2_04019,3.0,39642
train,zone1_01560,8.0,11164
train,zone2_01910,3.0,5482
train,zone1_00757,3.0,35549
train,zone2_03692,3.0,44118
train,zone2_04137,4.0,4692
train,zone2_02567,11.0,93652
train,zone2_02544,3.0,35729
train,zone1_01665,15.0,17117
train,zone2_03536,3.0,1466
train,zone2_04379,2.0,941
train,zone2_00704,3.0,20843
train,zone1_01098,4.0,40028
train,zone2_01864,4.0,36885
train,zone2_03741,2.0,838
train,zone2_04022,3.0,31649
train,zone2_00903,3.0,10438
train,zone2_02130,3.0,2480
train,zone2_02437,12.0,36466
train,zone2_01316,3.0,49265
train,zone1_01182,8.0,112289
train,zone1_02463,4.0,12676
train,zone1_01846,3.0,35522
train,zone1_01974,6.0,10602
train,zone2_04414,5.0,22934
train,zone2_01929,3.0,1013
train,zone1_01506,12.0,20428
train,zone2_00606,4.0,22029
train,zone1_02456,8.0,5845
train,zone2_04192,3.0,11658
train,zone2_03706,4.0,54822
train,zone2_00933,3.0,6624
train,zone2_00134,3.0,23010
train,zone2_01819,3.0,28411
train,zone2_00645,3.0,50780
train,zone2_00344,1.0,296
train,zone1_00384,3.0,588
train,zone2_01583,2.0,405
train,zone2_04301,4.0,2302
train,zone2_01022,3.0,79530
train,zone2_03169,5.0,7327
train,zone2_03483,3.0,1521
train,zone2_04950,4.0,5243
train,zone1_02254,2.0,1048
train,zone1_02461,4.0,22546
train,zone2_00910,3.0,282
train,zone1_01810,4.0,22910
train,zone2_04541,4.0,23135
train,zone2_03468,5.0,58431
train,zone1_02472,8.0,4316
train,zone1_01940,3.0,10844
train,zone2_00149,2.0,6290
train,zone2_02253,3.0,2692
train,zone2_00135,3.0,10170
train,zone2_02242,4.0,65298
train,zone1_01918,2.0,553
train,zone1_02369,4.0,5834
train,zone2_03600,3.0,13830
train,zone1_01147,8.0,10689
train,zone1_00462,8.0,603
train,zone2_03672,4.0,56478
train,zone2_04277,5.0,8209
train,zone1_01919,3.0,18448
train,zone2_01118,3.0,20322
train,zone2_00818,1.0,4499
train,zone1_00362,8.0,524
train,zone1_02004,1.0,709
train,zone2_03246,5.0,32148
train,zone2_01180,3.0,12165
train,zone1_00275,3.0,6385
train,zone1_00826,8.0,2322
train,zone1_00551,18.0,4674
train,zone1_01688,2.0,44843
train,zone1_01971,3.0,39942
train,zone1_00128,4.0,39276
train,zone2_04918,15.0,48670
train,zone1_00263,4.0,37047
train,zone1_00924,6.0,18074
train,zone1_01544,9.0,90276
train,zone1_02258,2.0,1820
train,zone1_01270,8.0,177
train,zone2_00358,2.0,4914
train,zone2_01296,4.0,46081
train,zone2_02438,4.0,40590
train,zone1_01881,2.0,9585
train,zone2_00630,3.0,2252
train,zone2_01880,5.0,21944
train,zone2_00997,3.0,28695
train,zone2_03664,3.0,15165
train,zone2_01315,4.0,22883
train,zone2_02514,6.0,14308
train,zone1_00186,7.0,16099
train,zone1_00028,3.0,5194
train,zone1_01824,15.0,67286
train,zone1_01043,3.0,32425
train,zone2_01855,2.0,2199
train,zone2_02662,2.0,2456
train,zone2_01924,2.0,180
train,zone2_04718,4.0,2055
train,zone1_00971,3.0,478
train,zone2_00371,4.0,25662
train,zone1_01089,3.0,63724
train,zone2_05129,4.0,8610
train,zone2_03902,2.0,1121
train,zone2_00600,8.0,1430
train,zone2_00615,3.0,2984
train,zone2_03320,3.0,25847
train,zone2_03970,3.0,1291
train,zone2_00590,3.0,4088
train,zone2_00966,3.0,20351
train,zone1_01109,8.0,20542
train,zone1_01474,8.0,24427
train,zone2_00872,3.0,798
train,zone2_03293,8.0,1665
train,zone1_00259,4.0,11298
train,zone2_01390,2.0,10465
train,zone1_00565,3.0,106800
train,zone2_04166,2.0,2412
train,zone2_01956,4.0,9197
train,zone1_00522,3.0,5128
train,zone2_02849,8.0,9426
train,zone2_00993,3.0,1285
train,zone2_02677,3.0,22743
train,zone1_00598,2.0,137774
train,zone2_02260,5.0,6274
train,zone2_04410,3.0,56721
train,zone1_00024,5.0,7443
train,zone1_02084,6.0,538
train,zone2_00766,2.0,929
train,zone1_00178,8.0,2132
train,zone2_00047,3.0,44729
train,zone2_01310,3.0,13457
train,zone2_03391,3.0,26984
train,zone1_00472,2.0,111468
train,zone2_02142,3.0,38418
train,zone2_03823,3.0,1080
train,zone2_04249,3.0,30631
train,zone2_04855,4.0,1798
train,zone1_01080,2.0,6937
train,zone2_05271,14.0,5973
train,zone1_00455,2.0,1766
train,zone2_01172,3.0,50046
train,zone2_01703,10.0,1160
train,zone2_05194,15.0,5343
train,zone2_01527,3.0,10293
train,zone2_03847,8.0,3086
train,zone1_01682,8.0,20452
train,zone1_00952,8.0,47192
train,zone2_04640,4.0,3660
train,zone2_01785,3.0,30147
train,zone2_03403,3.0,3049
train,zone2_03757,2.0,768
train,zone1_01227,8.0,75446
train,zone2_04844,3.0,1331
train,zone2_02214,2.0,356
train,zone1_01656,3.0,5613
train,zone2_02731,4.0,23827
train,zone2_02009,5.0,4431
train,zone1_00505,3.0,75017
train,zone1_00919,3.0,57566
train,zone2_02144,2.0,1343
train,zone1_00639,2.0,378
train,zone2_04026,3.0,5309
train,zone2_01849,3.0,9978
train,zone2_02471,7.0,26479
train,zone2_02605,2.0,405
train,zone2_04437,3.0,58646
train,zone2_02403,2.0,2173
train,zone1_02027,6.0,17513
train,zone1_01789,8.0,90899
train,zone2_04987,4.0,1328
train,zone2_01380,4.0,109530
train,zone2_04113,3.0,1309
train,zone2_04512,3.0,21513
train,zone2_00583,4.0,17444
train,zone2_04968,15.0,60535
train,zone1_01254,2.0,19430
train,zone2_01440,5.0,3209
train,zone1_01094,4.0,26730
train,zone1_01795,8.0,28912
train,zone1_01809,3.0,32319
train,zone2_00533,3.0,38162
train,zone2_02491,3.0,10888
train,zone1_00961,2.0,17551
train,zone2_00070,4.0,32862
train,zone2_01639,4.0,5265
train,zone2_02487,6.0,74385
train,zone2_04545,2.0,768
train,zone2_00036,3.0,4972
train,zone2_01335,4.0,9637
train,zone1_00968,6.0,570
train,zone1_00508,3.0,75294
train,zone2_04005,3.0,574
train,zone2_00468,5.0,9180
train,zone1_02142,6.0,34124
train,zone1_00093,3.0,2031
train,zone2_02216,4.0,30522
train,zone2_04807,15.0,31767
train,zone1_02473,8.0,6462
train,zone2_04012,3.0,98346
train,zone2_04017,4.0,7809
train,zone2_01182,3.0,9449
train,zone1_01929,2.0,8133
train,zone2_03978,3.0,85946
train,zone2_04912,4.0,1160
train,zone1_00055,3.0,3612
train,zone2_04762,8.0,230
train,zone2_00173,3.0,8965
train,zone2_02904,5.0,36150
train,zone1_01151,8.0,33326
train,zone1_01513,2.0,1107
train,zone1_00781,8.0,93867
train,zone2_03465,4.0,40847
train,zone1_00710,8.0,31018
train,zone2_02666,4.0,11754
train,zone2_03072,3.0,2523
train,zone2_04819,2.0,2459
train,zone2_00844,4.0,18589
train,zone1_01437,8.0,75514
train,zone2_04738,3.0,3322
train,zone2_02174,2.0,2568
train,zone1_02416,8.0,20953
train,zone2_00284,3.0,15466
train,zone2_04228,3.0,4551
train,zone1_01525,8.0,16307
train,zone1_02107,2.0,6971
train,zone2_01282,18.0,52378
train,zone2_03780,3.0,4965
train,zone2_00231,2.0,946
train,zone1_00922,3.0,32852
train,zone1_01579,14.0,58218
train,zone2_04482,2.0,1956
train,zone2_05178,4.0,34240
train,zone2_03021,3.0,16328
train,zone1_01099,3.0,39480
train,zone2_01569,2.0,4190
train,zone2_01818,2.0,460
train,zone2_04875,14.0,3759
train,zone2_01245,4.0,4749
train,zone1_02331,7.0,20069
train,zone2_00267,3.0,13621
train,zone1_00879,2.0,22979
train,zone2_03235,4.0,132927
train,zone2_02175,8.0,7733
train,zone2_05143,7.0,3534
train,zone1_00075,3.0,3499
train,zone1_00306,3.0,14368
train,zone2_03373,2.0,531
train,zone1_01526,8.0,12633
train,zone2_04050,3.0,26654
train,zone2_03387,3.0,36209
train,zone1_00297,3.0,10809
train,zone2_05289,8.0,998
train,zone2_00946,3.0,8782
train,zone2_03024,11.0,7696
train,zone1_00305,2.0,3463
train,zone2_01906,3.0,1641
train,zone2_03845,3.0,37661
train,zone2_04710,8.0,360
train,zone1_00732,13.0,56455
train,zone1_00484,3.0,44656
train,zone1_02338,1.0,3728
train,zone2_03513,4.0,19300
train,zone1_02353,3.0,25506
train,zone2_04421,3.0,530
train,zone2_01434,4.0,8424
train,zone2_03275,14.0,6462
train,zone2_00856,3.0,46284
train,zone1_01293,6.0,7742
train,zone2_04265,4.0,22182
train,zone1_00042,2.0,3533
train,zone2_03196,9.0,19639
train,zone2_03939,3.0,2788
train,zone2_01392,5.0,3354
train,zone2_00228,3.0,32689
train,zone2_04030,4.0,2221
train,zone1_00820,8.0,84943
train,zone2_03445,5.0,23852
train,zone2_05276,15.0,30726
train,zone2_03746,3.0,6001
train,zone2_04941,3.0,11714
train,zone1_00415,3.0,11522
train,zone1_01986,1.0,1605
train,zone2_04006,2.0,916
train,zone2_02330,2.0,2818
train,zone1_00894,11.0,23234
train,zone2_03406,4.0,6970
train,zone2_04531,2.0,753
train,zone2_02127,3.0,13812
train,zone1_02221,4.0,23765
train,zone2_03955,4.0,27077
train,zone1_01655,3.0,9913
train,zone2_04519,6.0,956
train,zone2_01447,16.0,52129
train,zone1_02100,8.0,23249
train,zone2_01146,3.0,34487
train,zone2_00360,3.0,10928
train,zone1_00647,2.0,20464
train,zone2_03509,8.0,406
train,zone1_00344,3.0,7310
train,zone1_02379,2.0,1821
train,zone2_03376,1.0,479
train,zone2_03426,3.0,39200
train,zone2_03738,3.0,4963
train,zone2_00633,2.0,349
train,zone2_01972,3.0,34200
train,zone2_03378,3.0,8097
train,zone2_04986,4.0,30973
train,zone1_02357,1.0,986
train,zone1_02240,8.0,26343
train,zone2_02114,9.0,71299
train,zone2_00380,2.0,16731
train,zone2_01453,19.0,22858
train,zone2_03554,4.0,16841
train,zone2_01528,2.0,884
train,zone2_03790,3.0,9342
train,zone1_02367,8.0,4091
train,zone1_02438,2.0,7939
train,zone1_01842,1.0,1777
train,zone2_03962,8.0,407
train,zone2_04185,8.0,266
train,zone1_02285,3.0,5323
train,zone1_02019,1.0,745
train,zone2_05286,2.0,1378
train,zone2_02776,4.0,14551
train,zone2_03715,4.0,1697
train,zone1_02165,2.0,10019
train,zone2_05030,3.0,9940
train,zone2_01998,4.0,9927
train,zone2_00327,3.0,492
train,zone2_01890,3.0,6281
train,zone2_01288,2.0,1934
train,zone1_01418,3.0,52064
train,zone2_00093,3.0,19719
train,zone2_03182,4.0,23606
train,zone2_01827,4.0,12631
train,zone2_01441,3.0,3920
train,zone2_04313,2.0,4040
train,zone2_04818,3.0,5211
train,zone1_01698,2.0,22822
train,zone2_01772,4.0,32500
train,zone1_01131,2.0,1069
train,zone2_04511,4.0,2468
train,zone2_01386,3.0,10878
train,zone2_02532,3.0,309
train,zone2_03759,6.0,676
train,zone2_00884,3.0,534
train,zone1_01670,8.0,8445
train,zone2_00905,3.0,17113
train,zone1_01240,3.0,32096
train,zone2_00953,2.0,1895
train,zone2_04708,3.0,11314
train,zone2_01135,11.0,27404
train,zone2_03098,4.0,25702
train,zone1_01562,8.0,26886
train,zone2_03626,3.0,1062
train,zone2_02213,3.0,160
train,zone1_00258,4.0,5991
train,zone1_01984,8.0,5345
train,zone1_01210,4.0,7922
train,zone2_03396,3.0,52088
train,zone2_04037,8.0,26736
train,zone2_01817,2.0,1566
train,zone1_01396,6.0,10540
train,zone2_01458,5.0,21016
train,zone2_05201,14.0,9334
train,zone2_04205,3.0,36685
train,zone2_04742,4.0,16244
train,zone2_02254,3.0,20336
train,zone2_02261,5.0,11907
train,zone2_04906,4.0,558
train,zone2_01410,5.0,18849
train,zone2_02412,3.0,13375
train,zone2_03125,17.0,10118
train,zone2_00043,2.0,369
train,zone2_04916,15.0,52711
train,zone2_02796,4.0,33332
train,zone1_00897,8.0,17161
train,zone2_00236,3.0,15826
train,zone2_00540,3.0,701
train,zone1_00136,7.0,20811
train,zone2_01413,3.0,772
train,zone1_02455,8.0,781
train,zone2_02134,5.0,8791
train,zone2_01535,17.0,16442
train,zone2_01883,4.0,5794
train,zone2_01698,1.0,2332
train,zone2_01678,3.0,27566
train,zone2_04316,4.0,20198
train,zone2_03685,4.0,13576
train,zone1_02451,2.0,431
train,zone2_02573,3.0,28061
train,zone2_00742,4.0,15671
train,zone2_04779,3.0,909
train,zone2_00132,3.0,14017
train,zone2_02545,3.0,33951
train,zone2_04662,3.0,4932
train,zone2_03704,3.0,207176
train,zone2_01746,4.0,3264
train,zone2_04182,8.0,34147
train,zone2_04119,3.0,2912
train,zone2_03917,3.0,6574
train,zone2_01777,4.0,28118
train,zone2_01403,18.0,48648
train,zone2_03350,4.0,21920
train,zone1_01122,4.0,4055
train,zone1_00318,6.0,37814
train,zone2_03703,3.0,111182
train,zone2_04076,6.0,971
train,zone2_01619,5.0,4471
train,zone2_00811,3.0,1576
train,zone2_01693,4.0,44510
train,zone2_02977,3.0,33145
train,zone1_01630,8.0,20344
train,zone1_01181,10.0,60610
train,zone2_00518,3.0,9046
train,zone2_02092,3.0,23972
train,zone2_03417,4.0,13320
train,zone2_00580,2.0,671
train,zone2_00749,2.0,600
train,zone2_05310,3.0,1580
train,zone1_01054,8.0,15322
train,zone1_00973,4.0,15420
train,zone2_02528,4.0,9319
train,zone2_03906,2.0,9492
train,zone2_04620,15.0,25451
train,zone2_02027,8.0,47984
train,zone2_01212,16.0,35864
train,zone2_01653,4.0,65319
train,zone2_00687,2.0,578
train,zone2_03580,4.0,17838
train,zone2_04126,5.0,2663
train,zone2_04854,3.0,5912
train,zone2_00492,2.0,1444
train,zone1_01594,8.0,10524
train,zone2_02125,6.0,10477
train,zone2_02194,3.0,8689
train,zone1_00419,13.0,64913
train,zone2_00804,3.0,38841
train,zone1_00370,3.0,10803
train,zone2_03761,3.0,135429
train,zone2_00826,3.0,73331
train,zone2_03740,2.0,838
train,zone2_03736,2.0,2385
train,zone1_01097,3.0,64753
train,zone2_01053,2.0,2403
train,zone1_00880,5.0,44582
train,zone2_04406,4.0,46303
train,zone2_01919,3.0,611
train,zone2_04533,2.0,779
train,zone2_04752,16.0,7513
train,zone2_02417,4.0,19273
train,zone2_01577,4.0,40945
train,zone1_02304,9.0,16294
train,zone2_02752,17.0,81430
train,zone1_00398,8.0,3118
train,zone2_03064,4.0,10610
train,zone2_02301,4.0,52375
train,zone2_04241,3.0,833
train,zone2_03849,3.0,20898
train,zone2_04900,3.0,9407
train,zone2_04841,4.0,12621
train,zone2_00744,3.0,2458
train,zone1_00737,8.0,104407
train,zone1_00189,4.0,4377
train,zone2_03400,8.0,1346
train,zone2_00050,5.0,7136
train,zone2_01608,4.0,44047
train,zone2_01347,17.0,47245
train,zone2_01739,3.0,9057
train,zone2_01604,3.0,15297
train,zone1_01305,8.0,40954
train,zone2_04957,15.0,2251
train,zone2_00084,5.0,10609
train,zone2_02255,3.0,10325
train,zone2_00205,3.0,35937
train,zone1_01308,2.0,84076
train,zone2_04187,8.0,693
train,zone2_00948,2.0,281
train,zone2_02564,5.0,15747
train,zone2_00669,3.0,767
train,zone1_02377,6.0,19065
train,zone2_03648,4.0,60342
train,zone1_00793,2.0,14313
train,zone1_01154,8.0,114917
train,zone2_05075,3.0,17855
train,zone2_01206,4.0,28746
train,zone1_02191,8.0,6745
train,zone1_01003,12.0,32647
train,zone2_01344,17.0,20098
train,zone1_01980,3.0,4307
train,zone2_00137,4.0,32271
train,zone1_00869,8.0,1843
train,zone2_04033,4.0,43114
train,zone2_01741,3.0,1798
train,zone2_03673,8.0,872
train,zone2_04827,8.0,104
train,zone2_04764,15.0,10799
train,zone2_00352,3.0,25572
train,zone2_00138,2.0,386
train,zone2_03538,2.0,4908
train,zone2_03069,9.0,43310
train,zone2_05326,10.0,855
train,zone2_05162,2.0,17422
train,zone1_01671,8.0,55321
train,zone2_01327,3.0,2732
train,zone2_04243,3.0,124080
train,zone2_00927,5.0,782
train,zone2_01124,2.0,3013
train,zone2_03833,5.0,32693
train,zone1_00490,6.0,466
train,zone1_00597,2.0,168368
train,zone2_03545,3.0,16640
train,zone1_02436,2.0,14350
train,zone2_05145,5.0,1452
train,zone2_05358,2.0,4618
train,zone2_01479,9.0,8458
train,zone2_03822,5.0,8598
train,zone2_02781,3.0,56456
train,zone1_02372,2.0,2354
train,zone2_04857,15.0,62726
train,zone2_02660,5.0,2581
train,zone2_01602,2.0,333
train,zone1_00248,3.0,130784
train,zone2_03082,13.0,10083
train,zone2_03367,6.0,9042
train,zone2_03061,4.0,56098
train,zone2_02209,3.0,19677
train,zone1_01726,2.0,9658
train,zone1_02168,2.0,782
train,zone2_02247,3.0,313
train,zone2_02777,3.0,9152
train,zone2_04559,5.0,1130
train,zone2_04156,4.0,26178
train,zone1_00232,3.0,2258
train,zone1_00337,2.0,2331
train,zone2_02140,3.0,24532
train,zone2_00288,1.0,2876
train,zone2_02480,3.0,4629
train,zone2_02638,8.0,3461
train,zone1_01402,1.0,154
train,zone2_03181,3.0,1808
train,zone2_04717,3.0,6350
train,zone2_04463,10.0,4190
train,zone1_01381,8.0,24263
train,zone2_05163,8.0,852
train,zone2_01640,3.0,35712
train,zone2_03211,3.0,35026
train,zone2_01893,2.0,9659
train,zone2_02556,5.0,2123
train,zone2_03306,3.0,10975
train,zone2_04694,6.0,3136
train,zone1_01025,2.0,11695
train,zone2_03806,4.0,51568
train,zone2_04002,3.0,46696
train,zone2_02725,2.0,1536
train,zone1_01608,4.0,318
train,zone1_02052,3.0,410
train,zone2_02979,5.0,14508
train,zone1_02326,2.0,3726
train,zone2_01773,4.0,18387
train,zone2_00357,3.0,11779
train,zone1_01847,3.0,390
train,zone2_00166,4.0,20625
train,zone1_01326,8.0,77640
train,zone2_04975,15.0,30085
train,zone2_04103,4.0,18632
train,zone2_04509,3.0,1057
train,zone2_01767,4.0,16457
train,zone1_01017,2.0,77020
train,zone1_00453,13.0,111945
train,zone2_03153,2.0,15681
train,zone2_01067,4.0,2121
train,zone1_01057,8.0,75696
train,zone1_01490,8.0,1198
train,zone2_02338,2.0,166
train,zone2_02764,8.0,425
train,zone2_03553,4.0,14147
train,zone2_05102,16.0,52039
train,zone2_00345,2.0,100
train,zone2_01761,2.0,1576
train,zone2_04513,3.0,19068
train,zone2_04550,6.0,66685
train,zone2_03933,4.0,767
train,zone2_02785,5.0,4756
train,zone2_00120,2.0,3398
train,zone1_01026,2.0,3504
train,zone1_00604,2.0,1524
train,zone2_02232,7.0,2897
train,zone2_00877,3.0,1754
train,zone2_05088,4.0,41376
train,zone2_01829,5.0,2014
train,zone2_04209,2.0,5951
train,zone2_03660,3.0,10372
train,zone2_04673,4.0,5395
train,zone2_03575,3.0,1485
train,zone1_00706,8.0,30269
train,zone2_02536,6.0,14108
train,zone1_01063,8.0,4865
train,zone2_04821,15.0,9168
train,zone2_04678,4.0,24306
train,zone2_00545,3.0,12773
train,zone2_02211,4.0,55892
train,zone2_02061,7.0,3297
train,zone2_04231,3.0,47923
train,zone2_03482,7.0,2821
train,zone2_03325,2.0,895
train,zone2_04781,3.0,12344
train,zone1_01137,3.0,47471
train,zone1_01646,2.0,28822
train,zone2_04010,5.0,7810
train,zone2_04430,4.0,34876
train,zone2_01690,4.0,4824
train,zone2_00484,3.0,2891
train,zone1_01426,8.0,18604
train,zone2_02747,4.0,1286
train,zone1_01290,4.0,29408
train,zone2_04901,3.0,447
train,zone1_02378,2.0,1331
train,zone2_04951,7.0,1754
train,zone2_02028,8.0,68533
train,zone1_00531,2.0,31619
train,zone2_00369,2.0,426
train,zone2_00141,2.0,836
train,zone1_00719,2.0,21336
train,zone2_01169,3.0,55468
train,zone1_01414,10.0,103779
train,zone2_01226,3.0,18134
train,zone2_04198,4.0,451
train,zone2_04495,6.0,55140
train,zone1_01004,8.0,53480
train,zone1_01639,8.0,8521
train,zone2_01546,4.0,44857
train,zone1_02339,1.0,2942
train,zone2_02535,4.0,26258
train,zone1_01757,8.0,5199
train,zone2_01178,3.0,9684
train,zone1_02132,2.0,1522
train,zone1_02144,3.0,7665
train,zone1_00964,2.0,67150
train,zone2_03519,3.0,13921
train,zone2_00693,8.0,9209
train,zone2_01764,3.0,3863
train,zone2_01611,4.0,5658
train,zone1_01524,8.0,47758
train,zone1_00212,4.0,4208
train,zone2_03996,9.0,18164
train,zone2_04793,5.0,58366
train,zone1_02283,3.0,9941
train,zone2_02844,4.0,42197
train,zone2_00098,3.0,878
train,zone2_00783,2.0,2577
train,zone2_00529,3.0,26949
train,zone2_01860,3.0,765
train,zone2_04732,3.0,12488
train,zone2_02224,10.0,552
train,zone1_00629,7.0,9749
train,zone2_04274,3.0,17847
train,zone2_00570,3.0,194
train,zone2_00561,3.0,21520
train,zone2_01208,15.0,26725
train,zone1_01256,3.0,65044
train,zone2_03276,14.0,6838
train,zone1_00265,3.0,6813
train,zone2_05225,9.0,3780
train,zone2_00659,5.0,37213
train,zone2_00489,3.0,63436
train,zone2_00523,3.0,5475
train,zone2_02808,8.0,547
train,zone1_01933,8.0,189
train,zone1_00550,8.0,528
train,zone2_03925,3.0,3297
train,zone1_00285,3.0,40856
train,zone2_04013,4.0,54085
train,zone2_02500,13.0,55172
train,zone1_01169,3.0,19536
train,zone2_05352,9.0,14391
train,zone2_05187,2.0,1171
train,zone2_01726,3.0,14248
train,zone2_00499,3.0,7660
train,zone2_00850,4.0,6420
train,zone2_02745,4.0,19431
train,zone2_04151,3.0,12812
train,zone1_00469,3.0,4989
train,zone2_04659,8.0,946
train,zone2_04537,4.0,1212
train,zone2_01086,3.0,15603
train,zone2_03065,16.0,9400
train,zone2_00411,4.0,4124
train,zone2_03386,8.0,132
train,zone2_01185,3.0,19696
train,zone2_00402,2.0,388
train,zone2_01159,5.0,20800
train,zone1_01365,8.0,93106
train,zone2_01013,3.0,2431
train,zone2_02459,3.0,12550
train,zone2_04554,3.0,78994
train,zone2_00033,3.0,57220
train,zone1_02421,3.0,44800
train,zone2_02937,18.0,85969
train,zone2_00209,4.0,56975
train,zone1_00655,6.0,20150
train,zone2_03666,3.0,7260
train,zone2_00154,5.0,1280
train,zone1_02406,2.0,2355
train,zone2_01991,8.0,678
train,zone1_01478,6.0,13019
train,zone2_02458,3.0,8980
train,zone2_03399,12.0,12560
train,zone2_03854,3.0,1828
train,zone2_01000,3.0,10913
train,zone1_00676,3.0,934
train,zone1_02184,1.0,409
train,zone2_01776,3.0,14537
train,zone2_03665,4.0,20559
train,zone2_01598,4.0,16155
train,zone2_01587,3.0,410
train,zone1_01530,8.0,33240
train,zone2_00300,3.0,36263
train,zone2_00690,3.0,7461
train,zone2_03311,9.0,2599
train,zone2_00799,3.0,16608
train,zone2_01102,4.0,7941
train,zone2_00537,3.0,3893
train,zone1_01019,2.0,57658
train,zone2_03684,3.0,18642
train,zone2_05239,15.0,26099
train,zone2_02894,9.0,10374
train,zone2_03085,9.0,24837
train,zone2_00447,3.0,70719
train,zone1_02343,8.0,357
train,zone2_04298,3.0,11735
train,zone2_02822,5.0,25548
train,zone1_00299,3.0,91939
train,zone1_02075,4.0,6571
train,zone2_01401,16.0,61707
train,zone2_01971,2.0,2608
train,zone2_00785,3.0,30009
train,zone2_04627,3.0,21511
train,zone2_00063,4.0,27641
train,zone2_00108,3.0,1310
train,zone1_00343,3.0,12379
train,zone2_04750,3.0,18796
train,zone1_00358,8.0,12366
train,zone1_01651,6.0,3853
train,zone2_03867,9.0,10469
train,zone1_00302,2.0,964
train,zone2_01272,3.0,6218
train,zone1_00516,13.0,59499
train,zone1_01104,8.0,120367
train,zone1_01493,6.0,104368
train,zone2_02698,9.0,79997
train,zone2_01443,2.0,4932
train,zone2_04321,5.0,55989
train,zone2_05280,3.0,36132
train,zone2_04458,3.0,5825
train,zone2_03907,4.0,19832
train,zone2_01995,2.0,1326
train,zone2_04502,4.0,29674
train,zone2_04699,3.0,2792
train,zone2_04588,3.0,15314
train,zone2_03952,5.0,226
train,zone2_02289,3.0,59814
train,zone1_00849,5.0,73559
train,zone2_03782,5.0,13899
train,zone2_02905,3.0,4555
train,zone1_01975,2.0,22004
train,zone2_00347,3.0,2666
train,zone1_00553,18.0,8506
train,zone2_00448,3.0,54189
train,zone1_00133,4.0,26342
train,zone1_02077,3.0,1470
train,zone2_00581,3.0,9758
train,zone2_00692,2.0,928
train,zone2_05270,7.0,19491
train,zone1_00356,3.0,21185
train,zone2_01374,3.0,6399
train,zone2_04972,3.0,12689
train,zone2_04419,3.0,22500
train,zone2_02062,7.0,2753
train,zone2_03191,5.0,6527
train,zone2_03987,2.0,3030
train,zone2_01980,7.0,38600
train,zone2_03690,3.0,57665
train,zone1_00554,18.0,100098
train,zone2_00477,3.0,53724
train,zone2_01811,4.0,574
train,zone2_04297,5.0,34569
train,zone2_02997,18.0,61375
train,zone2_02965,6.0,16117
train,zone1_01534,3.0,30674
train,zone2_00935,4.0,7901
train,zone2_02197,3.0,1671
train,zone1_01970,4.0,43604
train,zone2_00413,3.0,4226
train,zone2_02559,4.0,46785
train,zone1_00012,4.0,12511
train,zone2_03379,3.0,1045
train,zone1_02386,2.0,9028
train,zone1_01176,2.0,9135
train,zone1_01981,3.0,1218
train,zone2_02233,7.0,62699
train,zone2_01744,3.0,28745
train,zone2_02699,18.0,101327
train,zone1_00134,8.0,1181
train,zone2_01914,7.0,9000
train,zone2_04237,8.0,1875
train,zone2_01617,2.0,1317
train,zone2_03424,4.0,15905
train,zone1_00514,2.0,66289
train,zone2_01267,2.0,1245
train,zone2_02625,4.0,1952
train,zone2_03827,16.0,2212
train,zone2_03456,3.0,16182
train,zone1_01953,3.0,27363
train,zone1_00391,8.0,115
train,zone1_00998,8.0,129515
train,zone1_02467,3.0,25875
train,zone1_01946,2.0,2297
train,zone2_04140,3.0,8049
train,zone1_00910,8.0,82735
train,zone2_00990,5.0,6379
train,zone2_01846,2.0,1016
train,zone2_04007,3.0,4743
train,zone2_02018,7.0,3132
train,zone1_01224,8.0,589
train,zone1_01766,3.0,39622
train,zone2_03334,3.0,5219
train,zone1_00155,8.0,27689
train,zone1_00649,3.0,131785
train,zone1_00043,12.0,15687
train,zone2_02563,2.0,6000
train,zone2_01197,3.0,5262
train,zone2_03162,3.0,9495
train,zone1_01136,4.0,54824
train,zone2_01393,17.0,54356
train,zone2_04649,4.0,19811
train,zone2_05114,8.0,349
train,zone1_01127,2.0,2136
train,zone1_01196,8.0,20754
train,zone2_00269,3.0,1087
train,zone2_02847,5.0,18093
train,zone2_03680,1.0,1192
train,zone2_00133,4.0,44278
train,zone1_00230,4.0,981
train,zone1_01839,3.0,73433
train,zone2_00594,3.0,31720
train,zone2_03439,4.0,16580
train,zone2_00686,3.0,26203
train,zone1_01931,8.0,8255
train,zone2_05136,3.0,2326
train,zone2_01635,4.0,2307
train,zone2_00770,3.0,6343
train,zone1_00436,5.0,8167
train,zone2_04898,5.0,8605
train,zone1_00218,3.0,1209
train,zone2_00386,2.0,1371
train,zone2_01218,3.0,13504
train,zone1_01818,3.0,1595
train,zone2_03460,4.0,1129
train,zone2_01106,2.0,1245
train,zone2_04613,4.0,21821
train,zone2_01728,4.0,17434
train,zone2_01203,4.0,6557
train,zone1_02234,2.0,11767
train,zone1_01313,8.0,5446
train,zone2_04459,2.0,14042
train,zone1_02335,4.0,3963
train,zone1_01021,2.0,9207
train,zone2_01749,3.0,6102
train,zone2_04214,4.0,58944
train,zone2_02065,7.0,1681
train,zone2_00563,4.0,1117
train,zone2_01459,2.0,630
train,zone2_02775,2.0,1498
train,zone1_00427,18.0,111
train,zone2_03824,2.0,6645
train,zone2_04526,4.0,1460
train,zone2_02476,8.0,12052
train,zone1_01635,8.0,16653
train,zone1_01327,8.0,34452
train,zone2_00952,3.0,1080
train,zone2_01843,3.0,19764
train,zone2_04943,4.0,3847
train,zone2_00651,2.0,628
train,zone2_04851,3.0,16261
train,zone2_03298,4.0,59086
train,zone2_01132,1.0,5374
train,zone2_02195,3.0,2322
train,zone2_03079,4.0,904
train,zone2_00536,4.0,8895
train,zone1_01589,8.0,10580
train,zone2_01365,5.0,76571
train,zone2_00058,4.0,8515
train,zone2_04538,15.0,6586
train,zone2_01897,8.0,10073
train,zone1_01916,5.0,8610
train,zone2_05063,3.0,9064
train,zone2_04879,8.0,192
train,zone2_02524,8.0,117
train,zone2_01161,5.0,13631
train,zone1_01945,4.0,7500
train,zone2_03745,3.0,6537
train,zone2_00507,4.0,31690
train,zone2_03515,2.0,21017
train,zone2_03937,4.0,1220
train,zone2_01108,3.0,4197
train,zone1_01356,10.0,77824
train,zone2_02640,8.0,231
train,zone1_01481,5.0,35762
train,zone1_01329,8.0,578
train,zone1_01263,8.0,4683
train,zone2_00609,3.0,11219
train,zone2_02415,4.0,12455
train,zone2_04015,3.0,28701
train,zone2_02585,4.0,10547
train,zone2_00281,3.0,5202
train,zone2_03436,18.0,87347
train,zone1_00309,2.0,84353
train,zone2_01836,3.0,4301
train,zone2_01944,7.0,4287
train,zone2_05140,4.0,2812
train,zone1_00828,8.0,1936
train,zone2_03812,5.0,4954
train,zone1_00632,5.0,79813
train,zone1_01269,8.0,6154
train,zone1_01126,2.0,8362
train,zone1_01855,3.0,24602
train,zone1_01572,3.0,33467
train,zone2_01506,4.0,105581
train,zone2_00322,4.0,21531
train,zone1_01754,8.0,2960
train,zone1_01476,8.0,64901
train,zone2_05315,5.0,10692
train,zone2_00493,1.0,124
train,zone1_00149,8.0,2547
train,zone2_03364,3.0,11009
train,zone2_01688,7.0,16336
train,zone2_00991,2.0,506
train,zone2_03691,3.0,25226
train,zone2_02815,3.0,10698
train,zone2_04622,7.0,5571
train,zone2_01835,5.0,3245
train,zone2_03137,8.0,45854
train,zone2_04056,3.0,54904
train,zone1_01046,4.0,33008
train,zone2_00213,3.0,1127
train,zone2_02794,3.0,8112
train,zone2_00608,3.0,39411
train,zone2_04566,2.0,4140
train,zone2_00059,4.0,4766
train,zone2_04629,9.0,77061
train,zone2_04111,5.0,41297
train,zone1_01056,7.0,35493
train,zone2_00733,3.0,19745
train,zone2_02947,3.0,51782
train,zone2_04592,3.0,2293
train,zone2_03353,8.0,9352
train,zone2_00388,2.0,9956
train,zone1_01158,8.0,767
train,zone2_03930,6.0,53337
train,zone2_02296,5.0,34530
train,zone1_00667,2.0,1615
train,zone2_04308,3.0,25413
train,zone1_01231,9.0,10489
train,zone2_02460,8.0,355
train,zone2_02901,4.0,50334
train,zone1_02064,4.0,8478
train,zone1_02327,1.0,435
train,zone2_00689,3.0,15699
train,zone2_03080,3.0,1479
train,zone2_02093,4.0,7406
train,zone1_00774,8.0,93925
train,zone2_05110,15.0,8514
train,zone1_00539,1.0,334
train,zone2_00264,4.0,25217
train,zone2_02825,3.0,5199
train,zone2_02691,4.0,9741
train,zone1_00428,8.0,626
train,zone2_02420,4.0,71278
train,zone2_03084,16.0,8729
train,zone2_00294,3.0,20527
train,zone2_00871,3.0,19197
train,zone2_00696,4.0,52400
train,zone2_03964,7.0,28340
train,zone2_00577,3.0,2765
train,zone2_00504,3.0,37421
train,zone1_01300,6.0,7746
train,zone2_02518,17.0,38232
train,zone2_04914,15.0,31641
train,zone2_01816,3.0,18667
train,zone2_01122,4.0,6473
train,zone2_04096,3.0,50069
train,zone1_02029,3.0,13836
train,zone1_00320,3.0,9636
train,zone1_01413,9.0,128116
train,zone2_05021,15.0,22085
train,zone2_01656,3.0,2215
train,zone1_00690,12.0,77148
train,zone2_00336,2.0,100
train,zone1_00847,9.0,96336
train,zone2_04147,3.0,38362
train,zone1_00506,2.0,40411
train,zone2_04525,4.0,18750
train,zone2_01630,2.0,2104
train,zone2_01419,3.0,6447
train,zone2_02479,4.0,15699
train,zone2_00156,3.0,2773
train,zone1_01542,14.0,48317
train,zone2_04426,8.0,513
train,zone2_02206,4.0,14079
train,zone2_01207,15.0,13015
train,zone2_04367,3.0,4403
train,zone2_03641,3.0,933
train,zone2_02277,3.0,4172
train,zone2_01313,3.0,38473
train,zone2_00672,4.0,9010
train,zone2_01676,4.0,4081
train,zone2_02389,6.0,5602
train,zone2_03598,2.0,269
train,zone2_05324,9.0,7725
train,zone2_02804,12.0,125333
train,zone1_00628,5.0,8721
train,zone1_02351,3.0,18243
train,zone2_00543,3.0,216
train,zone1_00466,8.0,270
train,zone1_00308,2.0,809
train,zone2_04690,3.0,3747
train,zone2_04455,5.0,45190
train,zone2_04617,3.0,1277
train,zone1_00607,5.0,113706
train,zone2_03503,2.0,4347
train,zone2_00406,3.0,3149
train,zone1_00460,3.0,22638
train,zone2_02367,5.0,29412
train,zone1_02250,2.0,1040
train,zone2_00003,3.0,6929
train,zone2_02695,3.0,6559
train,zone2_04069,8.0,5573
train,zone2_01364,3.0,13128
train,zone1_00559,8.0,2199
train,zone2_01125,2.0,538
train,zone1_01236,8.0,1806
train,zone2_00112,3.0,5909
train,zone2_04380,3.0,10856
train,zone2_00170,2.0,183
train,zone2_02639,3.0,19106
train,zone2_02727,3.0,32645
train,zone2_02790,3.0,55415
train,zone2_02147,2.0,537
train,zone2_03102,4.0,18041
train,zone2_01200,3.0,21856
train,zone2_04487,10.0,10480
train,zone2_02141,3.0,8479
train,zone2_01323,3.0,79761
train,zone2_01570,4.0,1062
train,zone2_02667,4.0,3533
train,zone1_01451,7.0,8393
train,zone2_05000,3.0,702
train,zone2_05220,3.0,15820
train,zone2_05137,3.0,752
train,zone2_02457,3.0,1499
train,zone1_01421,8.0,328
train,zone1_01616,15.0,66275
train,zone1_02096,1.0,1649
train,zone1_01199,8.0,4432
train,zone2_04791,3.0,12973
train,zone1_01935,3.0,6097
train,zone1_01209,7.0,16898
train,zone2_04902,3.0,3563
train,zone2_04730,4.0,21779
train,zone2_00385,3.0,12495
train,zone1_01588,1.0,1641
train,zone2_01700,3.0,22048
train,zone2_03564,4.0,25322
train,zone2_04202,3.0,92107
train,zone2_02710,2.0,212
train,zone2_01704,5.0,16874
train,zone1_00625,2.0,144531
train,zone1_01377,8.0,65103
train,zone2_00251,2.0,2855
train,zone2_04279,3.0,3896
train,zone2_00304,4.0,25231
train,zone2_00064,3.0,15077
train,zone2_03807,3.0,65425
train,zone1_00644,8.0,7047
train,zone2_01815,2.0,849
train,zone2_04047,3.0,4369
train,zone2_02347,3.0,1231
train,zone2_01092,3.0,14914
train,zone2_04276,5.0,9795
train,zone1_00867,8.0,3221
train,zone2_01100,3.0,26690
train,zone2_04042,2.0,15058
train,zone2_00487,3.0,12426
train,zone2_03172,4.0,15622
train,zone2_01292,3.0,2202
train,zone2_02586,3.0,23048
train,zone1_01407,3.0,1208
train,zone2_00183,3.0,7374
train,zone1_00170,3.0,37407
train,zone2_00841,3.0,11178
train,zone2_05237,3.0,1542
train,zone2_05223,5.0,973
train,zone2_00944,3.0,30327
train,zone2_02767,4.0,2712
train,zone2_03335,3.0,3091
train,zone2_00836,3.0,14887
train,zone2_02220,6.0,116717
train,zone2_01039,4.0,2719
train,zone2_04390,4.0,962
train,zone2_00087,3.0,18790
train,zone1_00637,16.0,47163
train,zone2_04348,5.0,3270
train,zone1_00153,17.0,45843
train,zone2_01096,3.0,37113
train,zone1_00346,4.0,46063
train,zone2_00775,3.0,1590
train,zone1_00590,3.0,18181
train,zone2_00424,2.0,259
train,zone2_02995,5.0,20834
train,zone2_02100,2.0,5989
train,zone2_01621,4.0,7952
train,zone2_04543,4.0,236
train,zone2_03287,3.0,1884
train,zone2_01885,4.0,5555
train,zone2_00637,3.0,22970
train,zone1_01058,8.0,85026
train,zone1_01439,8.0,1482
train,zone2_01050,2.0,197
train,zone2_01597,3.0,5646
train,zone1_00063,2.0,1875
train,zone2_04927,11.0,53746
train,zone2_03716,3.0,1138
train,zone1_02371,3.0,11231
train,zone1_02093,4.0,18331
train,zone1_01124,2.0,1800
train,zone1_01730,3.0,31995
train,zone1_02469,2.0,4174
train,zone1_01674,8.0,786
train,zone1_00062,8.0,605
train,zone1_00448,3.0,57045
train,zone2_02432,13.0,6541
train,zone2_00760,4.0,16758
train,zone2_04485,3.0,771
train,zone2_04223,4.0,16556
train,zone2_00049,2.0,798
train,zone2_02988,3.0,12270
train,zone2_01839,5.0,190
train,zone2_04959,4.0,3362
train,zone2_02381,15.0,5604
train,zone2_03081,13.0,6912
train,zone2_03078,4.0,37578
train,zone1_02320,8.0,11779
train,zone1_00908,8.0,530
train,zone2_04647,3.0,104
train,zone2_03953,5.0,1246
train,zone1_00932,3.0,680
train,zone2_01720,4.0,2401
train,zone1_01765,3.0,25894
train,zone1_02237,2.0,3783
train,zone2_00915,3.0,5338
train,zone2_04021,4.0,78651
train,zone2_03795,3.0,34988
train,zone2_04480,4.0,54464
train,zone2_00996,3.0,27611
train,zone2_04961,8.0,1983
train,zone2_01152,3.0,33077
train,zone1_02229,3.0,564
train,zone1_00668,18.0,55352
train,zone2_03044,4.0,18000
train,zone1_00407,3.0,1766
train,zone2_02584,4.0,1209
train,zone2_03453,3.0,6261
train,zone1_01274,9.0,25953
train,zone1_00430,3.0,5831
train,zone1_00695,15.0,69753
train,zone2_02407,2.0,2468
train,zone2_02172,3.0,2989
train,zone2_03869,8.0,444
train,zone2_03434,3.0,81253
train,zone2_00075,3.0,1328
train,zone2_00554,2.0,745
train,zone2_05058,15.0,49233
train,zone2_00315,2.0,3456
train,zone2_03562,4.0,984
train,zone2_00962,3.0,5462
train,zone2_00604,3.0,3475
train,zone1_01762,3.0,11142
train,zone2_01868,3.0,266
train,zone1_00751,8.0,148
train,zone1_00251,3.0,45616
train,zone2_03571,3.0,8025
train,zone1_01162,3.0,11432
train,zone1_00570,4.0,9948
train,zone2_00806,4.0,5228
train,zone2_02907,5.0,8645
train,zone2_02162,4.0,47411
train,zone1_01173,6.0,57719
train,zone2_04067,3.0,21857
train,zone1_00050,2.0,1151
train,zone2_00398,4.0,9181
train,zone2_00306,4.0,3257
train,zone2_00054,3.0,2763
train,zone2_03279,4.0,1163
train,zone1_02238,4.0,36472
train,zone1_01477,8.0,61275
train,zone2_03871,2.0,2478
train,zone1_02190,8.0,21910
train,zone2_03203,8.0,598
train,zone2_02911,3.0,5794
train,zone2_05139,6.0,18091
train,zone1_00215,8.0,476
train,zone2_02083,4.0,65695
train,zone2_02787,5.0,10298
train,zone2_03052,5.0,10970
train,zone2_02549,4.0,24641
train,zone2_02616,3.0,14717
train,zone2_02118,4.0,43461
train,zone2_01038,4.0,1493
train,zone1_01852,3.0,38482
train,zone2_02226,4.0,32496
train,zone2_04735,2.0,416
train,zone1_00941,10.0,78446
train,zone2_00534,3.0,19730
train,zone2_02079,9.0,6232
train,zone2_00391,3.0,16839
train,zone1_00886,2.0,11569
train,zone1_01837,2.0,8582
train,zone2_01473,4.0,6833
train,zone2_02902,4.0,35373
train,zone1_01267,8.0,80226
train,zone1_01742,1.0,699
train,zone2_01679,3.0,23907
train,zone2_02257,3.0,4708
train,zone2_04862,15.0,28099
train,zone2_00403,4.0,18150
train,zone2_00082,2.0,600
train,zone2_04373,8.0,9741
train,zone2_03836,6.0,3627
train,zone1_00421,15.0,70629
train,zone2_03429,6.0,8781
train,zone2_00987,1.0,5803
train,zone2_02973,3.0,13946
train,zone2_00419,1.0,1774
train,zone2_03938,3.0,4449
train,zone1_01001,5.0,57081
train,zone2_03011,18.0,13333
train,zone2_00223,3.0,7621
train,zone2_02124,3.0,5561
train,zone2_02123,3.0,13903
train,zone2_02327,3.0,31834
train,zone1_00491,8.0,184
train,zone2_02080,8.0,462
train,zone1_01065,8.0,125036
train,zone2_00575,3.0,42396
train,zone1_00791,8.0,818
train,zone2_01060,13.0,42364
train,zone2_03998,7.0,33096
train,zone1_00699,8.0,24812
train,zone2_04062,3.0,1845
train,zone1_00549,3.0,110
train,zone2_01408,4.0,2871
train,zone2_04692,8.0,183
train,zone1_01250,3.0,3026
train,zone2_00589,3.0,23400
train,zone1_02088,1.0,276
train,zone2_02971,4.0,39933
train,zone2_04091,3.0,35999
train,zone2_01019,2.0,133
train,zone2_00083,2.0,584
train,zone1_00778,8.0,135167
train,zone2_03499,6.0,19573
train,zone2_00930,5.0,25272
train,zone2_00789,2.0,359
train,zone2_01238,3.0,4350
train,zone2_00299,2.0,231
train,zone2_00912,3.0,28713
train,zone1_01871,2.0,944
train,zone2_01222,3.0,23297
train,zone2_01046,2.0,1395
train,zone1_01761,8.0,780
train,zone2_03786,3.0,2618
train,zone2_02039,2.0,8469
train,zone2_02855,5.0,5358
train,zone2_03912,4.0,20891
train,zone2_04412,6.0,15807
train,zone2_03271,4.0,33175
train,zone2_04163,3.0,27237
train,zone2_01047,3.0,24786
train,zone2_02482,4.0,23786
train,zone2_01664,2.0,1364
train,zone2_03693,4.0,11473
train,zone1_02415,8.0,34062
train,zone2_01869,2.0,2786
train,zone2_02416,3.0,4915
train,zone2_00643,4.0,10552
train,zone2_00186,4.0,110497
train,zone2_03356,7.0,87065
train,zone2_02015,1.0,168
train,zone2_04066,4.0,2440
train,zone2_02709,3.0,23881
train,zone2_02637,4.0,68071
train,zone1_02252,4.0,34849
train,zone1_01033,4.0,587
train,zone1_00538,1.0,509
train,zone1_01215,3.0,14101
train,zone2_02506,2.0,4888
train,zone2_00161,3.0,1108
train,zone1_00661,16.0,32001
train,zone1_00602,1.0,987
train,zone2_01156,3.0,19341
train,zone2_03358,5.0,46825
train,zone2_01539,18.0,14495
train,zone1_00884,3.0,4573
train,zone2_03143,9.0,39180
train,zone2_01015,3.0,1912
train,zone2_00813,4.0,83352
train,zone2_01446,11.0,49833
train,zone1_00498,18.0,78963
train,zone1_00255,3.0,2824
train,zone2_02793,4.0,41957
train,zone2_01275,15.0,111
train,zone2_04375,3.0,606
train,zone2_01794,5.0,19266
train,zone2_04630,6.0,39530
train,zone2_03480,3.0,12543
train,zone2_05303,3.0,862
train,zone2_02561,3.0,1535
train,zone1_01814,4.0,2149
train,zone2_01650,10.0,19929
train,zone2_01225,3.0,24744
train,zone1_00893,1.0,224
train,zone2_02386,5.0,18958
train,zone2_01727,2.0,8724
train,zone2_05199,14.0,7335
train,zone2_01195,3.0,10498
train,zone2_01424,3.0,32216
train,zone2_05182,3.0,53852
train,zone1_00931,3.0,3932
train,zone2_01832,2.0,199
train,zone2_00971,4.0,8879
train,zone2_03599,4.0,7521
train,zone1_01038,4.0,4805
train,zone1_00429,10.0,15629
train,zone1_02173,4.0,58032
train,zone1_01427,8.0,29748
train,zone1_00129,3.0,587
train,zone2_00175,3.0,2898
train,zone2_02346,5.0,13234
train,zone2_05052,14.0,20995
train,zone2_00457,4.0,31104
train,zone1_00121,9.0,13540
train,zone1_01079,3.0,4119
train,zone2_04087,8.0,1933
train,zone2_02938,8.0,58694
train,zone1_00900,8.0,85343
train,zone1_01429,4.0,6848
train,zone2_03789,3.0,1546
train,zone2_03688,2.0,367
train,zone1_01064,8.0,19191
train,zone1_01185,8.0,81434
train,zone2_04544,4.0,108
train,zone1_00023,3.0,5917
train,zone2_02405,2.0,5244
train,zone2_04593,3.0,25812
train,zone2_05132,3.0,4519
train,zone1_01908,2.0,5982
train,zone1_01769,2.0,157
train,zone2_02326,3.0,38360
train,zone1_01697,2.0,888
train,zone2_02063,6.0,5619
train,zone2_04428,4.0,7612
train,zone1_01681,8.0,2643
train,zone2_02148,4.0,6009
train,zone1_01031,5.0,6509
train,zone1_01995,3.0,15817
train,zone2_04829,8.0,39774
train,zone2_04993,4.0,31410
train,zone1_00174,4.0,2927
train,zone2_02414,5.0,4946
train,zone2_05363,3.0,901
train,zone2_02779,5.0,8821
train,zone2_04310,4.0,2890
train,zone2_02952,4.0,6462
train,zone1_00750,8.0,3738
train,zone2_04291,4.0,7997
train,zone1_01000,8.0,74902
train,zone1_01554,4.0,29895
train,zone1_02260,2.0,1090
train,zone2_00784,4.0,7691
train,zone2_05019,15.0,4829
train,zone2_00461,4.0,17974
train,zone2_02805,7.0,35206
train,zone2_01983,8.0,58203
train,zone2_00532,3.0,4560
train,zone2_03140,1.0,1435
train,zone1_00813,8.0,117176
train,zone2_00494,3.0,5634
train,zone1_01934,8.0,193
train,zone2_01165,2.0,1257
train,zone2_01155,3.0,29762
train,zone1_01779,14.0,37897
train,zone2_04438,3.0,13275
train,zone2_03177,4.0,14500
train,zone1_00268,2.0,30323
train,zone1_02291,1.0,174
train,zone2_00866,3.0,12910
train,zone2_02566,7.0,12942
train,zone2_01531,16.0,22842
train,zone1_00811,10.0,134014
train,zone2_02888,3.0,5463
train,zone2_04517,3.0,6863
train,zone1_01265,8.0,6024
train,zone2_03475,4.0,23085
train,zone2_03603,8.0,1139
train,zone2_02334,4.0,6454
train,zone2_00956,4.0,11791
train,zone2_01948,7.0,4782
train,zone2_03228,7.0,529
train,zone2_03610,4.0,4480
train,zone2_03015,16.0,9286
train,zone2_00562,2.0,358
train,zone2_05157,15.0,288
train,zone2_00706,3.0,7123
train,zone2_04456,6.0,64035
train,zone2_01926,3.0,305
train,zone2_03888,3.0,2250
train,zone1_00796,2.0,26465
train,zone1_00951,8.0,69247
train,zone2_01558,3.0,3632
train,zone2_00016,5.0,11031
train,zone1_00304,3.0,15341
train,zone1_00371,3.0,732
train,zone1_01145,8.0,131542
train,zone1_00955,8.0,66118
train,zone2_00867,3.0,16161
train,zone2_02841,4.0,14943
train,zone1_02475,8.0,681
train,zone2_03266,4.0,12784
train,zone2_01326,4.0,5742
train,zone2_02728,4.0,28308
train,zone1_00517,6.0,29881
train,zone2_04120,3.0,3089
train,zone1_01813,2.0,15534
train,zone2_02520,12.0,13583
train,zone2_00210,3.0,2049
train,zone2_02122,3.0,20058
train,zone2_02598,3.0,3045
train,zone1_00205,4.0,1089
train,zone2_01385,3.0,8251
train,zone1_01915,5.0,54318
train,zone2_03051,5.0,6311
train,zone1_00887,1.0,496
train,zone2_00566,3.0,33386
train,zone2_02753,18.0,83800
train,zone2_00644,3.0,29678
train,zone2_05204,4.0,2147
train,zone1_02147,3.0,8015
train,zone2_04079,2.0,3215
train,zone2_05216,3.0,13402
train,zone2_04618,2.0,782
train,zone2_00542,5.0,11324
train,zone2_04043,3.0,24490
train,zone1_01012,8.0,82710
train,zone2_01918,4.0,15199
train,zone2_04859,15.0,43366
train,zone1_00114,8.0,414
train,zone2_00755,3.0,24430
train,zone1_00739,8.0,8395
train,zone2_00519,4.0,32825
train,zone2_02088,3.0,5040
train,zone2_00778,3.0,26598
train,zone2_03900,4.0,4926
train,zone2_05174,3.0,25161
train,zone2_03063,2.0,5084
train,zone2_04178,5.0,27283
train,zone2_04424,3.0,29051
train,zone1_01153,8.0,79203
train,zone2_04815,3.0,7293
train,zone2_01359,3.0,4008
train,zone1_00943,8.0,58311
train,zone2_00297,3.0,9553
train,zone2_03638,3.0,7429
train,zone2_05135,8.0,328
train,zone2_01470,3.0,6799
train,zone1_02105,3.0,23038
train,zone1_01347,3.0,43297
train,zone1_02232,2.0,1121
train,zone2_01633,4.0,5130
train,zone2_01871,3.0,17839
train,zone2_00520,3.0,14744
train,zone2_04433,4.0,30953
train,zone1_01082,3.0,1352
train,zone1_01644,6.0,1858
train,zone1_01438,8.0,37530
train,zone2_03985,8.0,459
train,zone2_04490,3.0,6323
train,zone2_00199,4.0,17690
train,zone1_02417,3.0,7814
train,zone1_00738,8.0,121555
train,zone1_01076,2.0,128441
train,zone2_03522,4.0,14634
train,zone2_05268,6.0,3950
train,zone2_02270,4.0,110573
train,zone1_00273,2.0,1181
train,zone2_01134,13.0,33003
train,zone2_00053,8.0,9836
train,zone1_00322,8.0,2837
train,zone2_02817,3.0,6597
train,zone2_05188,15.0,48781
train,zone1_00795,2.0,5896
train,zone2_02669,3.0,3436
train,zone1_01120,2.0,23192
train,zone2_03100,3.0,670
train,zone2_02923,4.0,7360
train,zone2_03428,3.0,4811
train,zone2_03712,2.0,68712
train,zone2_03075,17.0,33168
train,zone1_02053,3.0,3717
train,zone2_02609,5.0,13582
train,zone2_04701,15.0,15039
train,zone2_02738,7.0,4686
train,zone1_01794,8.0,114
train,zone2_00409,3.0,19219
val,zone2_02496,5.0,21351
val,zone2_05068,4.0,2339
val,zone1_02344,8.0,2133
val,zone2_01592,3.0,2395
val,zone2_03627,4.0,1107
val,zone2_02490,8.0,2664
val,zone1_00401,2.0,4262
val,zone2_03935,8.0,1225
val,zone2_03141,16.0,15263
val,zone2_03859,3.0,13736
val,zone1_00066,13.0,51655
val,zone1_02248,2.0,58048
val,zone2_04905,4.0,608
val,zone2_02915,5.0,46787
val,zone1_00179,4.0,2303
val,zone1_02418,2.0,18044
val,zone2_03251,3.0,32560
val,zone1_02423,3.0,8941
val,zone2_02231,3.0,5734
val,zone2_05309,3.0,738
val,zone2_02208,3.0,26040
val,zone2_00647,4.0,761
val,zone1_01943,3.0,5304
val,zone2_04586,3.0,46583
val,zone2_01481,4.0,16588
val,zone2_00674,3.0,5605
val,zone2_04614,4.0,509
val,zone1_02474,8.0,781
val,zone2_01265,4.0,26602
val,zone1_02048,6.0,7505
val,zone2_03178,2.0,1006
val,zone2_00998,3.0,2025
val,zone2_05141,3.0,1169
val,zone1_02450,3.0,42029
val,zone2_02336,4.0,28312
val,zone2_00353,3.0,80101
val,zone2_01141,5.0,19492
val,zone1_00605,4.0,327
val,zone1_01294,2.0,7905
val,zone2_02000,3.0,18731
val,zone2_03073,3.0,4651
val,zone1_02356,2.0,5835
val,zone2_01334,3.0,2913
val,zone2_04896,3.0,4139
val,zone2_02985,3.0,7495
val,zone1_02091,2.0,515
val,zone2_01287,4.0,35301
val,zone1_02080,8.0,3163
val,zone2_04217,3.0,12182
val,zone2_01300,4.0,19195
val,zone1_01902,3.0,9126
val,zone1_01172,4.0,60819
val,zone2_02300,4.0,7313
val,zone2_01599,2.0,604
val,zone1_01972,3.0,12041
val,zone2_03119,3.0,58507
val,zone2_02599,8.0,11911
val,zone2_04756,15.0,12921
val,zone2_02515,3.0,4263
val,zone1_00646,8.0,10963
val,zone1_01434,4.0,195
val,zone1_01392,2.0,22217
val,zone1_01475,8.0,12261
val,zone2_03108,6.0,51619
val,zone2_04493,15.0,31063
val,zone2_00898,3.0,15832
val,zone2_04567,4.0,5932
val,zone1_02000,4.0,20758
val,zone1_01192,14.0,73478
val,zone2_01051,2.0,1809
val,zone2_00593,3.0,1804
val,zone2_00459,3.0,24847
val,zone1_02403,3.0,29909
val,zone1_00459,8.0,6637
val,zone2_00180,2.0,13821
val,zone1_00376,2.0,1597
val,zone2_04479,4.0,64161
val,zone1_02453,2.0,5349
val,zone2_03208,16.0,11414
val,zone2_04984,13.0,7636
val,zone2_01157,4.0,13958
val,zone2_04235,8.0,425
val,zone2_03289,2.0,1127
val,zone2_02714,4.0,58009
val,zone2_03751,3.0,232
val,zone2_05020,8.0,9275
val,zone2_01078,3.0,37085
val,zone1_00740,8.0,1571
val,zone2_03640,2.0,1379
val,zone2_04232,4.0,23848
val,zone1_02354,2.0,1388
val,zone2_03129,8.0,65984
val,zone2_02693,7.0,2450
val,zone1_01923,3.0,84872
val,zone1_00560,2.0,109
val,zone2_02581,3.0,1081
val,zone1_00294,5.0,56322
val,zone2_01955,4.0,8637
val,zone2_01520,4.0,12567
val,zone2_03744,2.0,2873
val,zone2_03410,3.0,24300
val,zone2_04539,10.0,48334
val,zone2_00117,3.0,960
val,zone2_05273,5.0,1475
val,zone2_01894,3.0,2944
val,zone2_03047,3.0,22644
val,zone2_00214,3.0,13193
val,zone1_00657,13.0,24446
val,zone2_05082,8.0,489
val,zone2_00779,3.0,69060
val,zone2_03197,3.0,777
val,zone2_02628,3.0,32129
val,zone2_00296,2.0,963
val,zone2_05097,4.0,16574
val,zone2_01369,3.0,20293
val,zone1_00612,17.0,12453
val,zone1_01264,8.0,113
val,zone2_04643,5.0,2155
val,zone2_00881,2.0,186
val,zone1_01180,12.0,83168
val,zone2_03441,3.0,279
val,zone1_00125,3.0,12582
val,zone2_01266,2.0,6686
val,zone2_01831,2.0,407
val,zone1_00816,8.0,69941
val,zone2_01129,4.0,31262
val,zone1_00822,8.0,91037
val,zone2_00242,5.0,14874
val,zone2_02357,13.0,85351
val,zone2_01637,4.0,2232
val,zone2_04218,3.0,22872
val,zone1_00303,3.0,40242
val,zone2_01580,3.0,7689
val,zone1_01246,1.0,538
val,zone2_02864,17.0,96204
val,zone2_02959,8.0,2265
val,zone2_00685,3.0,7803
val,zone2_00646,2.0,3049
val,zone2_03300,4.0,143411
val,zone2_05038,8.0,2970
val,zone2_03623,3.0,12444
val,zone2_00129,3.0,18630
val,zone1_00357,3.0,138
val,zone2_00888,3.0,10293
val,zone2_03876,4.0,11176
val,zone1_01913,6.0,14344
val,zone2_04523,3.0,1823
val,zone2_02207,3.0,7596
val,zone1_01956,4.0,14137
val,zone2_04219,4.0,120
val,zone1_01545,10.0,106524
val,zone2_00159,3.0,14913
val,zone2_04604,5.0,15506
val,zone2_00613,4.0,17276
val,zone2_01974,3.0,10402
val,zone2_03772,3.0,2073
val,zone2_04152,2.0,12661
val,zone2_00246,3.0,43859
val,zone2_00350,4.0,5488
val,zone2_01490,6.0,4316
val,zone2_01935,5.0,555
val,zone2_01181,3.0,9301
val,zone1_01217,12.0,74155
val,zone2_01534,15.0,10531
val,zone2_04884,4.0,66965
val,zone2_02273,2.0,420
val,zone2_02331,4.0,423
val,zone1_02445,5.0,18666
val,zone2_03470,3.0,319
val,zone1_02317,4.0,23673
val,zone2_04149,2.0,657
val,zone1_02188,8.0,3458
val,zone2_01682,4.0,57956
val,zone2_00307,2.0,854
val,zone2_00922,3.0,2122
val,zone2_03852,3.0,10683
val,zone2_04302,4.0,1130
val,zone1_00571,1.0,3222
val,zone1_01118,2.0,28346
val,zone2_03636,2.0,642
val,zone2_01686,3.0,16142
val,zone2_02433,12.0,97952
val,zone1_01561,8.0,1095
val,zone2_00665,4.0,5236
val,zone1_01184,8.0,142729
val,zone2_02038,8.0,20652
val,zone2_01264,4.0,26396
val,zone1_01996,5.0,42211
val,zone2_01391,5.0,21673
val,zone2_01475,4.0,14685
val,zone2_00926,4.0,9558
val,zone1_02239,1.0,625
val,zone2_03301,5.0,95124
val,zone2_01691,4.0,27478
val,zone1_02390,3.0,5105
val,zone2_03393,3.0,35004
val,zone2_01605,3.0,133
val,zone1_01261,8.0,13149
val,zone2_02829,3.0,13531
val,zone1_00962,3.0,36918
val,zone2_01303,6.0,21644
val,zone1_00929,3.0,18266
val,zone2_04616,2.0,749
val,zone1_00763,3.0,12281
val,zone2_00865,3.0,3923
val,zone2_02047,3.0,1316
val,zone1_00112,4.0,6197
val,zone2_02035,5.0,4861
val,zone2_00068,3.0,65982
val,zone1_01297,3.0,88924
val,zone2_03337,3.0,13426
val,zone1_01960,1.0,10786
val,zone2_02510,11.0,45045
val,zone2_02684,4.0,23926
val,zone1_00236,8.0,117
val,zone2_04798,3.0,23344
val,zone2_01493,15.0,52319
val,zone2_03243,7.0,3965
val,zone2_05202,8.0,1497
val,zone1_02359,1.0,725
val,zone1_01073,8.0,7707
val,zone2_02022,8.0,17278
val,zone2_05262,4.0,4947
val,zone2_04846,3.0,19080
val,zone1_00422,4.0,22536
val,zone2_03748,3.0,70433
val,zone2_01144,3.0,49857
val,zone2_02646,8.0,247
val,zone2_01606,3.0,377
val,zone2_03719,3.0,709
val,zone2_02623,4.0,49354
val,zone2_00486,3.0,6350
val,zone2_01770,2.0,2035
val,zone1_01536,7.0,15545
val,zone1_00444,3.0,1482
val,zone2_00908,3.0,14596
val,zone2_01307,3.0,7340
val,zone2_01967,3.0,3410
val,zone2_02910,2.0,490
val,zone1_00009,8.0,1536
val,zone2_01738,3.0,15132
val,zone2_00834,2.0,405
val,zone2_04376,3.0,16630
val,zone1_00949,8.0,43339
val,zone2_00171,3.0,7860
val,zone1_02067,6.0,22994
val,zone2_00099,3.0,18622
val,zone1_00721,3.0,39634
val,zone2_01248,3.0,8723
val,zone1_00300,4.0,45164
val,zone2_02029,8.0,65044
val,zone2_05106,8.0,3881
val,zone2_00803,3.0,29237
val,zone2_02950,4.0,80072
val,zone1_02361,2.0,32673
val,zone2_01581,3.0,3929
val,zone2_03205,8.0,4549
val,zone2_04768,8.0,8854
val,zone2_00224,2.0,197
val,zone1_01317,8.0,94118
val,zone1_00856,8.0,108892
val,zone2_03012,18.0,2717
val,zone2_00153,4.0,8257
val,zone2_00253,2.0,789
val,zone2_04671,3.0,1131
val,zone2_00373,4.0,31404
val,zone2_01373,3.0,28035
val,zone1_00747,8.0,2320
val,zone2_04560,7.0,66641
val,zone2_02723,2.0,9130
val,zone2_04481,3.0,13262
val,zone2_02318,3.0,39508
val,zone1_01486,8.0,14465
val,zone2_05328,4.0,35274
val,zone2_04639,4.0,7481
val,zone2_02860,3.0,44549
val,zone2_01774,2.0,4678
val,zone2_01377,3.0,23832
val,zone1_01435,4.0,4920
val,zone2_03718,3.0,1654
val,zone2_03774,3.0,4111
val,zone2_04425,8.0,888
val,zone2_05042,3.0,14571
val,zone1_02207,2.0,8300
val,zone2_03030,8.0,20218
val,zone2_03787,7.0,270
val,zone1_00169,1.0,933
val,zone2_02332,4.0,4365
val,zone2_02235,3.0,32303
val,zone2_03046,5.0,12238
val,zone2_05060,3.0,16711
val,zone1_00748,8.0,432
val,zone1_00211,3.0,11203
val,zone1_02051,4.0,67604
val,zone2_05306,7.0,10920
val,zone2_04328,3.0,4341
val,zone2_03540,3.0,4308
val,zone2_01062,18.0,25517
val,zone2_04797,6.0,9849
val,zone2_02422,5.0,8893
val,zone1_00658,14.0,38912
val,zone2_01109,5.0,20871
val,zone2_01568,2.0,4190
val,zone2_01946,7.0,58083
val,zone2_01622,3.0,5307
val,zone1_02230,1.0,733
val,zone2_00820,4.0,30394
val,zone2_03255,3.0,45805
val,zone2_00014,4.0,10632
val,zone2_03164,3.0,3662
val,zone2_01362,5.0,2689
val,zone1_01018,2.0,127210
val,zone2_01120,6.0,3882
val,zone1_02364,8.0,15309
val,zone2_04656,15.0,4647
val,zone2_03658,3.0,38281
val,zone2_04933,5.0,70826
val,zone2_05118,2.0,9474
val,zone2_04016,2.0,6359
val,zone1_01359,2.0,8716
val,zone1_00488,13.0,41349
val,zone2_05257,14.0,24570
val,zone1_01165,3.0,8193
val,zone1_02176,2.0,5502
val,zone1_01220,8.0,3833
val,zone2_02828,9.0,106
val,zone1_01841,3.0,2649
val,zone2_01984,8.0,49750
val,zone1_00940,11.0,51622
val,zone2_04584,3.0,6184
val,zone1_01620,13.0,81060
val,zone2_04108,4.0,19455
val,zone2_02939,16.0,20723
val,zone2_02354,12.0,111993
val,zone2_02643,18.0,119972
val,zone2_04004,3.0,32234
val,zone2_03976,8.0,237
val,zone2_04158,5.0,64588
val,zone1_01912,3.0,34754
val,zone2_04845,3.0,18071
val,zone1_00583,18.0,29004
val,zone2_01242,3.0,1909
val,zone2_03281,6.0,53954
val,zone1_02316,6.0,21308
val,zone2_03314,4.0,21548
val,zone1_02360,1.0,12518
val,zone1_01896,17.0,21682
val,zone1_00267,1.0,984
val,zone1_02385,2.0,1045
val,zone2_01372,3.0,25197
val,zone2_02387,4.0,9047
val,zone2_03170,3.0,15626
val,zone2_04174,10.0,14882
val,zone2_00869,3.0,61146
val,zone1_00021,3.0,917
val,zone1_01282,2.0,29619
val,zone1_00614,18.0,117515
val,zone2_02044,3.0,2188
val,zone1_01423,8.0,67903
val,zone1_01964,3.0,14696
val,zone1_01286,4.0,49067
val,zone1_00665,16.0,119844
val,zone2_02933,17.0,69637
val,zone1_02167,2.0,19314
val,zone2_05227,15.0,47086
val,zone2_02647,8.0,153
val,zone1_01702,3.0,6431
val,zone2_03771,3.0,4295
val,zone1_00812,8.0,66923
val,zone2_03585,3.0,2148
val,zone2_02517,4.0,38073
val,zone1_00493,3.0,1340
val,zone2_02610,4.0,27618
val,zone2_02181,5.0,2811
val,zone2_00024,3.0,2259
val,zone2_01035,3.0,956
val,zone2_02344,3.0,5608
val,zone1_02435,2.0,18877
val,zone2_01149,3.0,54451
val,zone2_01213,17.0,29839
val,zone2_04500,3.0,26710
val,zone2_01803,5.0,4895
val,zone2_03877,2.0,909
val,zone1_01848,3.0,1546
val,zone2_05291,8.0,186
val,zone2_04000,10.0,5627
val,zone2_04304,8.0,293
val,zone2_04706,3.0,3930
val,zone2_00932,4.0,39323
val,zone2_03785,2.0,5075
val,zone2_02094,4.0,16045
val,zone1_00970,3.0,6615
val,zone1_02033,8.0,6081
val,zone1_00697,8.0,126077
val,zone2_04650,4.0,5232
val,zone2_02133,8.0,528
val,zone2_04167,2.0,2512
val,zone1_01222,8.0,144798
val,zone1_01242,2.0,13073
val,zone1_00439,2.0,1865
val,zone2_03146,3.0,1884
val,zone2_02679,3.0,16857
val,zone2_02249,3.0,5724
val,zone1_00606,4.0,29930
val,zone2_01551,3.0,1573
val,zone2_00805,4.0,24410
val,zone1_00535,3.0,27557
val,zone1_00934,6.0,21544
val,zone2_01436,3.0,14410
val,zone1_02068,6.0,9437
val,zone1_00420,13.0,99660
val,zone1_01510,10.0,117182
val,zone2_00314,2.0,951
val,zone2_01131,5.0,27465
val,zone2_01444,16.0,12820
val,zone2_01368,3.0,34407
val,zone1_02329,7.0,2505
val,zone2_02225,4.0,12659
val,zone1_00100,6.0,23896
val,zone1_00840,3.0,16580
val,zone2_01544,5.0,8308
val,zone2_03689,2.0,1690
val,zone2_02748,5.0,22107
val,zone2_04415,5.0,3855
val,zone2_03236,4.0,89223
val,zone1_02393,8.0,77041
val,zone2_02056,4.0,12889
val,zone1_00446,2.0,1028
val,zone1_00372,2.0,32745
val,zone1_02247,2.0,13596
val,zone1_01036,3.0,11130
val,zone2_04466,3.0,7156
val,zone2_03323,3.0,17507
val,zone1_00115,8.0,294
val,zone1_02476,8.0,9747
val,zone2_04772,3.0,4300
val,zone2_00479,3.0,2762
val,zone1_01863,3.0,7696
val,zone1_02426,3.0,12893
val,zone1_01590,8.0,9924
val,zone1_00823,8.0,113116
val,zone1_02318,3.0,842
val,zone2_02411,8.0,2623
val,zone2_01820,3.0,1305
val,zone2_03750,5.0,401
val,zone2_02352,2.0,588
val,zone2_03458,4.0,5877
val,zone1_02265,8.0,10925
val,zone2_01489,3.0,12734
val,zone2_03573,3.0,26404
val,zone1_01772,2.0,2252
val,zone2_05011,8.0,498
val,zone1_01516,8.0,11454
val,zone2_03176,4.0,6039
val,zone2_03766,8.0,388
val,zone2_01912,3.0,43568
val,zone2_03608,4.0,5591
val,zone1_00979,3.0,20668
val,zone2_05231,15.0,9165
val,zone1_01577,16.0,40050
val,zone2_03431,4.0,12787
val,zone1_00988,4.0,63270
val,zone1_01888,3.0,5841
val,zone2_05176,3.0,295
val,zone2_00034,2.0,9034
val,zone1_02219,4.0,1301
val,zone2_01240,3.0,45575
val,zone2_03280,4.0,3007
val,zone2_00405,4.0,266
val,zone2_00232,2.0,315
val,zone2_04995,3.0,920
val,zone2_03633,3.0,1950
val,zone2_01008,5.0,76096
val,zone2_00339,2.0,310
val,zone2_01872,2.0,554
val,zone2_02057,2.0,3240
val,zone2_04635,3.0,1095
val,zone2_00546,4.0,15273
val,zone2_02287,3.0,16732
val,zone2_02962,3.0,9245
val,zone2_00031,3.0,13216
val,zone1_01993,3.0,2860
val,zone2_03190,1.0,1796
val,zone2_04473,4.0,1504
val,zone1_01815,4.0,21298
val,zone1_02410,1.0,925
val,zone1_00762,3.0,43935
val,zone1_00141,2.0,22216
val,zone2_04018,3.0,38281
val,zone2_01194,6.0,15132
val,zone2_01543,3.0,12171
val,zone2_03354,2.0,249
val,zone2_02814,3.0,57426
val,zone2_01423,3.0,23868
val,zone2_04382,5.0,1997
val,zone1_01968,3.0,2443
val,zone2_03733,7.0,1670
val,zone2_02071,4.0,59459
val,zone2_04840,8.0,16203
val,zone2_04785,8.0,602
val,zone2_03421,3.0,2146
val,zone1_01977,3.0,40102
val,zone2_05111,3.0,410
val,zone1_01565,8.0,8979
val,zone2_01755,4.0,10062
val,zone1_00083,4.0,10053
val,zone2_02076,7.0,46848
val,zone1_02263,8.0,4526
val,zone2_04758,3.0,37897
val,zone2_02406,2.0,1149
val,zone1_02290,3.0,197
val,zone2_00311,3.0,22654
val,zone1_02116,4.0,4850
val,zone2_04058,8.0,488
val,zone2_00429,3.0,19291
val,zone1_01737,6.0,1581
val,zone2_01517,3.0,13196
val,zone1_01489,8.0,3695
val,zone2_00185,4.0,13726
val,zone2_04596,4.0,28020
val,zone1_00235,4.0,8662
val,zone2_00278,3.0,2516
val,zone2_04974,15.0,18176
val,zone2_02996,10.0,16561
val,zone2_02522,4.0,6404
val,zone2_02191,3.0,313
val,zone2_04569,5.0,5218
val,zone2_03670,3.0,3710
val,zone1_01997,5.0,73593
val,zone2_01215,3.0,43632
val,zone1_02284,3.0,17672
val,zone1_00709,3.0,15214
val,zone1_02011,2.0,17387
val,zone2_00163,4.0,21201
val,zone1_02198,2.0,2031
val,zone2_02376,4.0,55784
val,zone2_03511,3.0,3763
val,zone2_04287,4.0,22071
val,zone2_01091,3.0,3345
val,zone2_01331,3.0,3504
val,zone2_01483,4.0,30924
val,zone2_03868,5.0,783
val,zone2_01931,3.0,4734
val,zone2_04143,2.0,2266
val,zone2_02568,18.0,77452
val,zone1_02212,8.0,2275
val,zone2_02851,3.0,14285
val,zone2_01797,5.0,2900
val,zone2_03534,2.0,6363
val,zone1_01442,8.0,11842
val,zone2_01090,3.0,17585
val,zone1_01253,2.0,7876
val,zone2_03317,2.0,905
val,zone2_01289,3.0,7011
val,zone2_04311,3.0,3840
val,zone2_02729,4.0,14399
val,zone2_00490,3.0,36280
val,zone2_01074,3.0,7477
val,zone1_00864,8.0,114381
val,zone2_01538,17.0,47796
val,zone2_04259,3.0,23313
val,zone2_04942,3.0,7160
val,zone1_00103,14.0,15157
val,zone2_00318,3.0,24358
val,zone2_02827,9.0,157
val,zone2_04888,9.0,13805
val,zone1_00564,2.0,126172
val,zone2_00558,3.0,8448
val,zone2_02942,4.0,9485
val,zone2_05203,8.0,618
val,zone2_01887,3.0,11794
val,zone2_00367,3.0,4490
val,zone1_00336,3.0,22231
val,zone2_03934,6.0,106
val,zone2_02159,7.0,19091
val,zone2_04045,5.0,823
val,zone2_05076,3.0,46019
val,zone2_04121,3.0,168
val,zone2_02441,1.0,170
val,zone2_03128,9.0,56932
val,zone1_02470,2.0,5349
val,zone2_03851,3.0,11043
val,zone2_04668,3.0,23737
val,zone1_00834,2.0,91757
val,zone1_01989,3.0,24486
val,zone2_02661,2.0,2456
val,zone2_04753,15.0,34809
val,zone2_03180,3.0,28776
val,zone2_02373,3.0,7462
val,zone1_00622,3.0,3600
val,zone1_01624,2.0,2616
val,zone2_03380,8.0,7174
val,zone2_00772,3.0,10196
val,zone2_00597,3.0,4846
val,zone2_04775,5.0,5648
val,zone2_04501,3.0,1976
val,zone2_00078,3.0,524
val,zone1_00210,9.0,6379
val,zone2_02263,2.0,12507
val,zone2_04814,4.0,1321
val,zone2_00071,3.0,6554
val,zone1_01341,4.0,35601
val,zone2_04234,4.0,33604
val,zone2_03894,3.0,33661
val,zone2_05170,4.0,24833
val,zone2_05026,4.0,1479
val,zone2_04949,4.0,5119
val,zone2_02497,5.0,57849
val,zone2_02486,4.0,30013
val,zone1_01374,4.0,28357
val,zone2_00544,3.0,31926
val,zone2_03805,2.0,12243
val,zone1_02099,8.0,67053
val,zone2_03253,4.0,39804
val,zone2_04641,3.0,11034
val,zone1_01785,10.0,80465
val,zone2_02143,3.0,135
val,zone1_00937,10.0,55119
val,zone2_03007,12.0,26629
val,zone2_01402,16.0,23691
val,zone1_01034,4.0,300
val,zone1_01954,3.0,27514
val,zone1_01248,3.0,20630
val,zone2_02612,2.0,14326
val,zone1_00166,2.0,4581
val,zone2_04397,8.0,11807
val,zone1_01633,8.0,31415
val,zone2_04547,4.0,69626
val,zone1_00254,4.0,1383
val,zone2_03701,2.0,6861
val,zone1_00329,2.0,937
val,zone2_02862,16.0,64847
val,zone2_03922,4.0,9324
val,zone1_00562,4.0,2480
val,zone2_02848,9.0,859
val,zone1_01836,3.0,739
val,zone2_00389,3.0,28098
val,zone1_00426,5.0,1077
val,zone2_05133,4.0,14266
val,zone2_03659,8.0,447
val,zone1_00158,3.0,1720
val,zone2_01375,4.0,2257
val,zone1_00670,18.0,48761
val,zone2_04362,2.0,2223
val,zone1_02066,2.0,11761
val,zone2_00976,3.0,6452
val,zone2_04338,2.0,10432
val,zone2_03683,5.0,26104
val,zone1_02279,4.0,17447
val,zone2_04451,10.0,5218
val,zone2_03758,2.0,1183
val,zone2_00287,2.0,6151
val,zone2_00200,3.0,838
val,zone2_01247,3.0,10334
val,zone1_01733,2.0,1253
val,zone2_00204,3.0,53744
val,zone2_04661,3.0,316
val,zone1_02131,2.0,327
val,zone2_05191,4.0,145
val,zone1_01488,8.0,17132
val,zone2_01305,3.0,560
val,zone1_01111,8.0,7428
val,zone2_01034,2.0,1459
val,zone2_02788,3.0,4149
val,zone1_00687,15.0,14273
val,zone1_00222,4.0,24014
val,zone2_02954,4.0,9787
val,zone2_02146,3.0,21491
val,zone2_02371,4.0,15880
val,zone2_00750,4.0,11448
val,zone1_00220,3.0,20151
val,zone2_05253,11.0,26853
val,zone2_02620,4.0,15116
val,zone1_01045,2.0,7478
val,zone2_01351,3.0,2560
val,zone2_04408,3.0,10345
val,zone2_05098,2.0,5090
val,zone2_03455,5.0,6370
val,zone2_00835,3.0,6655
val,zone2_04061,3.0,3045
val,zone2_03086,3.0,17084
val,zone2_03002,3.0,1888
val,zone2_00276,3.0,9219
val,zone2_00708,5.0,12301
val,zone1_00237,2.0,688
val,zone2_04982,12.0,15711
val,zone2_01093,3.0,69605
val,zone1_02235,7.0,12588
val,zone1_01797,8.0,422
val,zone2_01522,4.0,4032
val,zone1_01806,3.0,1424
val,zone2_02464,3.0,704
val,zone2_04778,3.0,10476
val,zone2_01996,2.0,679
val,zone2_03541,3.0,100902
val,zone2_03646,3.0,7346
val,zone2_01932,8.0,11296
val,zone2_00955,3.0,7165
val,zone2_04369,2.0,247
val,zone2_00717,3.0,6720
val,zone2_03695,5.0,15170
val,zone1_02446,2.0,4546
val,zone2_00404,4.0,26583
val,zone1_00048,4.0,3007
val,zone2_01430,3.0,3942
val,zone2_00639,3.0,9510
val,zone2_02239,8.0,2796
val,zone2_03794,3.0,19201
val,zone1_00160,3.0,4788
val,zone2_03220,8.0,779
val,zone2_02307,4.0,9479
val,zone2_03829,15.0,8712
val,zone2_00713,3.0,3203
val,zone2_00964,3.0,9623
val,zone2_04346,4.0,476
val,zone1_01694,3.0,2490
val,zone1_00510,6.0,12246
val,zone2_00929,2.0,2344
val,zone2_01339,17.0,52811
val,zone2_01968,8.0,901
val,zone2_00233,2.0,1090
val,zone2_00862,3.0,24607
val,zone2_00921,3.0,13001
val,zone1_00526,18.0,7699
val,zone1_01752,8.0,65788
val,zone2_03309,4.0,32964
val,zone1_01251,2.0,724
val,zone2_03207,16.0,14466
val,zone2_00660,3.0,5629
val,zone1_01894,11.0,39092
val,zone1_01235,11.0,83550
val,zone2_05197,15.0,51715
val,zone1_00660,10.0,42400
val,zone2_01947,8.0,40699
val,zone2_00142,2.0,435
val,zone2_00274,3.0,15832
val,zone1_02225,4.0,12110
val,zone1_01920,4.0,15757
val,zone1_02340,8.0,3585
val,zone2_03368,6.0,23858
val,zone1_00634,16.0,40637
val,zone2_01126,1.0,447
val,zone1_02249,4.0,8174
val,zone1_01959,8.0,362
val,zone2_02657,2.0,44666
val,zone2_01492,15.0,1409
val,zone2_01793,5.0,9641
val,zone2_03893,3.0,49429
val,zone2_05104,15.0,18259
val,zone1_02271,3.0,4271
val,zone2_02746,5.0,1377
val,zone2_04403,8.0,1071
val,zone1_02025,7.0,45221
val,zone2_03681,1.0,8333
val,zone1_02123,8.0,2395
val,zone2_01209,6.0,21789
val,zone2_01411,4.0,15927
val,zone2_03615,4.0,18746
val,zone1_01303,2.0,2254
val,zone2_01175,3.0,31241
val,zone2_04653,13.0,13266
val,zone2_04327,4.0,4914
val,zone2_01018,3.0,10280
val,zone2_01658,4.0,12924
val,zone2_03415,6.0,19043
val,zone2_04199,2.0,3770
val,zone2_02541,3.0,19160
val,zone2_01148,3.0,5032
val,zone2_05090,3.0,4579
val,zone2_00122,4.0,8939
val,zone2_02400,4.0,28378
val,zone2_02101,2.0,4409
val,zone2_01874,4.0,3524
val,zone2_02991,2.0,7153
val,zone2_01329,3.0,1108
val,zone2_04088,3.0,6143
val,zone1_01092,1.0,253
val,zone2_01262,4.0,2263
val,zone1_00994,10.0,104430
val,zone2_04472,5.0,20441
val,zone1_02041,3.0,5062
val,zone2_02089,3.0,6602
val,zone1_00411,4.0,38220
val,zone2_01328,3.0,26685
val,zone2_01766,4.0,10486
val,zone2_03223,4.0,3375
val,zone2_04110,3.0,37984
val,zone1_01440,8.0,14353
val,zone1_01792,8.0,273
val,zone2_01005,3.0,23556
val,zone2_03899,3.0,13022
val,zone1_00873,3.0,20313
val,zone2_03831,4.0,859
val,zone2_04571,2.0,393
val,zone2_05166,3.0,1224
val,zone1_00045,18.0,19110
val,zone2_03156,3.0,6070
val,zone2_02897,5.0,19548
val,zone1_01208,1.0,2213
val,zone1_01998,2.0,1226
val,zone2_00796,6.0,21763
val,zone2_01572,3.0,41105
val,zone2_00668,3.0,17052
val,zone2_03227,10.0,15848
val,zone2_03407,8.0,597
val,zone1_01592,8.0,7240
val,zone2_02238,7.0,31032
val,zone2_02682,9.0,4847
val,zone2_00918,3.0,9719
val,zone2_01253,3.0,13399
val,zone1_00596,2.0,102289
val,zone2_03818,4.0,86627
val,zone2_04484,2.0,1753
val,zone2_02530,8.0,1559
val,zone2_01415,3.0,4219
val,zone2_05251,2.0,5041
val,zone1_00378,3.0,18597
val,zone1_00200,3.0,68133
val,zone1_01207,2.0,306
val,zone1_01631,4.0,17761
val,zone2_04130,4.0,39590
val,zone2_05074,8.0,220
val,zone2_00065,3.0,5106
val,zone2_03034,3.0,4863
val,zone1_01924,4.0,54661
val,zone2_03676,2.0,7935
val,zone2_04227,5.0,11393
val,zone1_00765,2.0,2173
val,zone2_00268,3.0,10545
val,zone2_02595,3.0,30386
val,zone2_02708,6.0,179
val,zone2_02961,3.0,4779
val,zone2_01745,4.0,21425
val,zone1_02324,3.0,10549
val,zone1_00694,8.0,6768
val,zone2_02920,3.0,6209
val,zone1_01390,4.0,6615
val,zone2_03551,8.0,3487
val,zone2_04799,3.0,4289
val,zone2_04025,8.0,512
val,zone2_01399,19.0,60195
val,zone2_01710,3.0,20545
val,zone1_01750,8.0,24690
val,zone2_03057,3.0,14763
val,zone2_01145,3.0,16152
val,zone2_04822,15.0,20585
val,zone2_01332,6.0,27351
val,zone2_00162,5.0,9258
val,zone2_02886,4.0,16421
val,zone2_05094,3.0,7923
val,zone2_02274,4.0,8377
val,zone2_03959,2.0,2380
val,zone2_01044,3.0,18702
val,zone1_01721,8.0,15500
val,zone1_02350,2.0,3912
val,zone2_00012,4.0,3215
val,zone1_00003,1.0,163
val,zone2_04352,3.0,25250
val,zone2_02011,4.0,8989
val,zone2_00849,4.0,534
val,zone1_02465,2.0,861
val,zone2_02185,4.0,64660
val,zone2_02565,2.0,365
val,zone1_01425,8.0,9795
val,zone2_03651,3.0,9246
val,zone2_03071,9.0,6157
val,zone2_00628,2.0,1818
val,zone2_02970,5.0,1971
val,zone2_00967,3.0,11722
val,zone1_01571,3.0,18643
val,zone1_01042,4.0,10220
val,zone2_02064,3.0,301
val,zone1_02422,6.0,7636
val,zone2_03234,5.0,34296
val,zone2_00819,4.0,9221
val,zone2_00195,1.0,110
val,zone2_00868,3.0,80643
val,zone2_04792,5.0,34106
val,zone2_00056,3.0,4722
val,zone2_01677,3.0,2065
val,zone1_02460,3.0,25588
val,zone2_03419,4.0,40600
val,zone1_01020,3.0,52557
val,zone2_04469,3.0,3432
val,zone2_04863,8.0,422
val,zone2_00094,2.0,1216
val,zone2_02627,5.0,29468
val,zone2_00227,2.0,136
val,zone2_02964,3.0,14100
val,zone1_00573,3.0,13551
val,zone2_01056,3.0,6460
val,zone2_00506,3.0,474
val,zone1_01614,3.0,10903
val,zone2_03016,9.0,2570
val,zone2_03560,3.0,2437
val,zone2_03601,3.0,3912
val,zone2_03416,6.0,41896
val,zone2_03149,4.0,5442
val,zone2_01933,3.0,4139
val,zone2_04129,8.0,3922
val,zone2_01782,3.0,8306
val,zone1_00013,6.0,17055
val,zone2_01095,3.0,3551
val,zone2_03329,3.0,4697
val,zone1_00363,5.0,114
val,zone1_02086,8.0,6564
val,zone1_01557,8.0,19444
val,zone2_02246,3.0,5212
val,zone2_00678,3.0,1535
val,zone1_00947,8.0,17103
val,zone2_01712,3.0,10561
val,zone2_02489,3.0,403
val,zone2_01097,3.0,9919
val,zone2_04948,5.0,24348
val,zone2_03965,3.0,3234
val,zone2_03491,4.0,1164
val,zone2_00354,3.0,33020
val,zone2_01082,3.0,45462
val,zone2_02410,4.0,28899
val,zone1_00888,8.0,16836
val,zone1_00313,2.0,2495
val,zone1_02174,3.0,47851
val,zone2_02279,2.0,3590
val,zone1_01462,13.0,16737
val,zone1_02139,2.0,5573
val,zone2_04707,4.0,243
val,zone1_00944,8.0,85410
val,zone1_00226,2.0,23845
val,zone2_00235,4.0,37843
val,zone2_05300,8.0,1325
val,zone2_04434,4.0,1348
val,zone2_03089,4.0,11360
val,zone2_00797,6.0,11009
val,zone2_01696,4.0,41639
val,zone2_02778,3.0,750
val,zone2_00399,4.0,35840
val,zone1_02286,5.0,4052
val,zone2_03858,4.0,11618
val,zone1_00568,2.0,27406
val,zone2_04603,2.0,1811
val,zone1_02282,3.0,42372
val,zone2_00212,3.0,11356
val,zone2_00787,2.0,184
val,zone1_01582,6.0,10723
val,zone2_02929,13.0,93468
val,zone1_00193,3.0,7121
val,zone1_01826,6.0,6154
val,zone1_01864,14.0,20733
val,zone2_04660,3.0,5788
val,zone2_04038,10.0,5464
val,zone2_04244,3.0,73120
val,zone2_00023,3.0,6422
val,zone2_00387,2.0,2565
val,zone2_01293,2.0,338
val,zone2_04212,3.0,6696
val,zone1_01634,8.0,8026
val,zone1_01822,3.0,11223
val,zone2_01378,3.0,32437
val,zone2_04556,3.0,5863
val,zone1_00317,4.0,21680
val,zone2_04667,3.0,13560
val,zone2_00656,3.0,16285
val,zone1_00885,2.0,18233
val,zone2_03267,17.0,951
val,zone2_03973,3.0,1672
val,zone1_01304,2.0,6236
val,zone2_05165,4.0,23493
val,zone1_02032,8.0,801
val,zone2_04777,3.0,36380
val,zone2_03544,3.0,66354
val,zone2_04601,8.0,853
val,zone2_03010,4.0,6404
val,zone2_04094,3.0,616
val,zone2_00895,3.0,28954
val,zone2_03932,3.0,150
val,zone2_00244,3.0,17272
val,zone2_05355,4.0,20800
val,zone1_01469,3.0,19936
val,zone1_00203,3.0,13852
val,zone2_00900,4.0,6419
val,zone2_04743,5.0,5923
val,zone1_01450,2.0,2320
val,zone2_04164,3.0,11102
val,zone2_04075,5.0,4370
val,zone1_01331,3.0,2375
val,zone2_04605,5.0,7535
val,zone1_01939,4.0,2153
val,zone1_01266,4.0,13448
val,zone2_03662,4.0,16954
val,zone2_02607,3.0,9566
val,zone2_04983,8.0,579
val,zone2_04688,8.0,1217
val,zone2_04765,15.0,14835
val,zone2_02109,4.0,6684
val,zone2_03913,3.0,9216
val,zone2_00420,3.0,3400
val,zone1_00842,2.0,3262
val,zone2_02986,3.0,2785
val,zone1_02044,6.0,17005
val,zone2_03110,4.0,377
val,zone1_01720,8.0,17574
val,zone2_00454,3.0,16457
val,zone1_00326,3.0,17437
val,zone2_04573,2.0,779
val,zone2_04044,2.0,1076
val,zone2_00510,3.0,15376
val,zone2_00048,3.0,2205
val,zone1_00342,2.0,888
val,zone1_01044,3.0,10177
val,zone2_01043,4.0,3268
val,zone1_01213,2.0,4046
val,zone2_02049,3.0,28083
val,zone2_02294,6.0,43797
val,zone2_00547,4.0,2570
val,zone2_04360,4.0,5380
val,zone1_00295,5.0,24580
val,zone2_01992,3.0,870
val,zone1_01221,8.0,68857
val,zone2_03183,3.0,31433
val,zone2_04757,16.0,4429
val,zone1_00616,8.0,526
val,zone2_05123,4.0,10402
val,zone1_00079,12.0,11962
val,zone2_02117,4.0,51842
val,zone2_01026,3.0,8703
val,zone2_03303,3.0,46671
val,zone2_02042,3.0,25995
val,zone2_01142,5.0,6253
val,zone2_03595,2.0,526
val,zone2_05134,3.0,13891
val,zone1_02145,4.0,21741
val,zone2_02742,6.0,8204
val,zone1_01071,8.0,32687
val,zone2_03840,1.0,4892
val,zone2_00255,3.0,36266
val,zone1_00029,3.0,9959
val,zone1_00361,7.0,40340
val,zone1_02266,8.0,10684
val,zone2_05293,4.0,31560
val,zone2_05029,3.0,17255
val,zone2_02719,2.0,670
val,zone1_00756,3.0,106898
val,zone1_00416,2.0,5313
val,zone2_04454,7.0,3212
val,zone1_02057,3.0,4520
val,zone2_05125,3.0,1070
val,zone2_01663,3.0,4258
val,zone1_02162,2.0,668
val,zone2_04510,4.0,3503
val,zone2_02718,5.0,10752
val,zone2_03154,8.0,5950
val,zone1_01667,15.0,59223
val,zone2_00331,3.0,17051
val,zone2_03401,3.0,1113
val,zone1_01725,1.0,5040
val,zone2_02477,3.0,14428
val,zone1_02308,2.0,4048
val,zone1_02231,6.0,4918
val,zone2_05317,2.0,1378
val,zone2_05175,3.0,13087
val,zone2_03604,2.0,2509
val,zone1_00876,3.0,95069
val,zone2_04811,13.0,7205
val,zone1_00945,8.0,146582
val,zone2_05305,4.0,1755
val,zone1_01100,2.0,43632
val,zone2_04716,3.0,5921
val,zone1_00848,10.0,121924
val,zone2_02957,5.0,15855
val,zone1_02452,2.0,5141
val,zone2_02066,7.0,5331
val,zone2_04216,5.0,98411
val,zone2_02994,9.0,25033
val,zone1_00064,2.0,22543
val,zone2_01856,4.0,10655
val,zone2_02880,5.0,36869
val,zone2_05304,3.0,1482
val,zone2_02533,8.0,21678
val,zone2_00001,3.0,9916
val,zone2_03286,4.0,17857
val,zone2_01973,6.0,8865
val,zone2_04353,2.0,281
val,zone2_01112,5.0,20377
val,zone1_01292,2.0,3293
val,zone1_02334,3.0,4394
val,zone2_00550,3.0,15879
val,zone1_02001,4.0,19279
val,zone2_04725,8.0,33485
val,zone1_00563,2.0,54209
val,zone2_04739,3.0,118
val,zone2_00382,3.0,5220
val,zone1_01085,4.0,23575
val,zone2_04971,5.0,2729
val,zone2_01667,3.0,1107
val,zone1_01746,6.0,3968
val,zone2_01927,4.0,15141
val,zone1_00600,2.0,13411
val,zone1_00819,8.0,113807
val,zone2_02135,3.0,2139
val,zone2_02611,3.0,14855
val,zone2_01277,16.0,28499
val,zone1_00076,3.0,3954
val,zone1_00594,5.0,23934
val,zone2_03682,5.0,8953
val,zone2_00113,3.0,20624
val,zone2_01268,3.0,2473
val,zone1_02457,2.0,7825
val,zone2_02810,3.0,19721
val,zone2_05083,3.0,1117
val,zone1_01072,11.0,34414
val,zone2_00765,2.0,1510
val,zone1_02175,3.0,37771
val,zone1_01955,3.0,82428
val,zone2_00096,3.0,13906
val,zone2_03390,4.0,10916
val,zone2_03009,4.0,2968
val,zone1_01673,8.0,6439
val,zone1_02136,3.0,4909
val,zone2_00114,4.0,6460
val,zone2_01805,2.0,32835
val,zone2_02153,5.0,4148
val,zone2_02304,3.0,2653
val,zone2_02908,2.0,2388
val,zone2_00957,3.0,3411
val,zone1_00671,13.0,52644
val,zone2_02596,4.0,4631
val,zone1_00325,4.0,15258
val,zone2_02393,3.0,2480
val,zone2_02265,3.0,17341
val,zone1_02016,3.0,5120
val,zone2_02189,3.0,2597
val,zone2_04816,3.0,11004
val,zone1_00982,4.0,6898
val,zone2_00830,2.0,1429
val,zone1_01926,17.0,34285
val,zone2_04583,8.0,2234
val,zone2_03054,5.0,9865
val,zone1_00556,8.0,23847
val,zone2_02397,3.0,2719
val,zone1_00561,4.0,1751
val,zone1_01522,5.0,6480
val,zone2_04497,3.0,59075
val,zone1_00656,1.0,491
val,zone2_01683,4.0,3820
val,zone1_00465,19.0,74633
val,zone1_01289,4.0,38935
val,zone2_01873,2.0,1462
val,zone2_04508,2.0,1023
val,zone2_01642,2.0,1017
val,zone2_01428,3.0,9591
val,zone2_02308,8.0,475
val,zone1_00410,2.0,26175
val,zone1_00468,4.0,30762
val,zone2_00092,3.0,743
val,zone2_03650,5.0,30120
val,zone1_00499,18.0,53541
val,zone2_01964,3.0,6911
val,zone2_03550,3.0,3195
val,zone2_02267,3.0,5844
val,zone1_00479,3.0,8481
val,zone1_01783,15.0,11640
val,zone1_02430,2.0,7232
val,zone1_01555,6.0,10171
val,zone1_01268,11.0,9630
val,zone2_01509,3.0,18794
val,zone2_03408,1.0,23216
val,zone2_02945,4.0,26026
val,zone2_02075,8.0,68380
val,zone2_03940,3.0,19812
val,zone2_03507,5.0,6175
val,zone2_03229,3.0,4487
val,zone2_00988,18.0,12367
val,zone1_02336,4.0,3984
val,zone2_01250,3.0,58474
val,zone2_03954,5.0,43351
val,zone2_03946,8.0,146
val,zone1_02172,4.0,47642
val,zone2_00721,3.0,2974
val,zone1_00017,4.0,31024
val,zone2_00627,4.0,15135
val,zone1_01348,3.0,11948
val,zone1_00480,3.0,7457
val,zone2_04915,15.0,56929
val,zone2_00808,3.0,37048
val,zone2_04606,6.0,18377
val,zone1_01751,8.0,67163
val,zone2_01466,4.0,19544
val,zone2_01501,18.0,56242
val,zone2_00852,5.0,34430
val,zone1_01362,8.0,565
val,zone1_01936,3.0,38639
val,zone2_04475,10.0,6965
val,zone2_03696,5.0,58416
val,zone1_00764,2.0,6637
val,zone1_00120,18.0,104065
val,zone2_04371,8.0,456
val,zone2_01951,3.0,10919
val,zone2_02865,17.0,115583
val,zone1_00414,2.0,5930
val,zone1_00802,3.0,9943
val,zone2_02031,8.0,50116
val,zone2_04535,2.0,1100
val,zone2_04579,10.0,26312
val,zone2_04142,4.0,3712
val,zone2_01153,3.0,9384
val,zone1_00617,8.0,3991
val,zone2_04686,3.0,8035
val,zone1_02046,1.0,1552
val,zone2_01312,3.0,26328
val,zone2_05051,14.0,76839
val,zone1_01503,15.0,108364
val,zone2_05347,3.0,330
val,zone1_01148,8.0,169
val,zone2_01198,2.0,4450
val,zone2_01916,4.0,289
val,zone1_01558,8.0,76550
val,zone1_01569,3.0,75788
val,zone1_02036,2.0,1838
val,zone1_00895,10.0,125050
val,zone2_04581,15.0,16866
val,zone2_04081,3.0,5166
val,zone2_00302,4.0,15074
val,zone2_03488,3.0,196134
val,zone2_00821,4.0,2575
val,zone1_00496,7.0,9346
val,zone1_00806,10.0,115528
val,zone2_02816,4.0,4983
val,zone2_02876,4.0,2863
val,zone2_03039,4.0,6128
val,zone1_00443,2.0,101530
val,zone2_03495,8.0,22187
val,zone2_04599,4.0,27100
val,zone2_01348,18.0,48574
val,zone2_00890,5.0,8735
val,zone2_00992,3.0,1285
val,zone2_00425,3.0,743
val,zone2_01054,3.0,10297
val,zone2_02921,18.0,58831
val,zone1_00794,3.0,18427
val,zone1_00772,12.0,76787
val,zone1_01559,8.0,52556
val,zone2_00857,3.0,2694
val,zone2_04138,4.0,17191
val,zone2_01397,16.0,6759
val,zone2_03950,8.0,2768
val,zone1_01990,3.0,24231
val,zone2_01395,17.0,26966
val,zone2_02243,3.0,10855
val,zone2_02200,3.0,3027
val,zone2_04751,8.0,1281
val,zone2_03448,3.0,9088
val,zone1_01083,4.0,1020
val,zone2_05091,4.0,31836
val,zone1_01755,8.0,19627
val,zone2_01499,17.0,83104
val,zone2_03003,6.0,80093
val,zone1_02281,3.0,13921
val,zone1_01949,2.0,1177
val,zone2_01734,4.0,9492
val,zone1_00580,17.0,12545
val,zone2_00229,4.0,35171
val,zone2_04565,4.0,44021
val,zone1_00257,3.0,34637
val,zone2_04940,3.0,35755
val,zone1_00552,18.0,1685
val,zone1_01875,3.0,20296
val,zone1_00482,4.0,16196
val,zone2_02692,8.0,1236
val,zone2_03321,3.0,9113
val,zone1_00581,18.0,96969
val,zone1_00058,4.0,8169
val,zone1_01804,3.0,48047
val,zone2_02343,3.0,103
val,zone1_01885,5.0,18578
val,zone2_02060,2.0,2941
val,zone2_02342,4.0,14290
val,zone1_00172,3.0,7127
val,zone2_00292,3.0,27803
val,zone1_00524,8.0,646
val,zone1_01840,2.0,28653
val,zone1_02030,2.0,24457
val,zone1_00991,3.0,21191
val,zone2_01221,3.0,22358
val,zone2_01762,3.0,18466
val,zone2_04892,2.0,14593
val,zone2_01111,4.0,61513
val,zone2_00582,3.0,398
val,zone2_05335,3.0,6734
val,zone2_03025,11.0,5405
val,zone2_00791,3.0,14570
val,zone2_00076,3.0,24293
val,zone2_03363,3.0,34129
val,zone1_01647,1.0,276
val,zone2_03174,5.0,27364
val,zone2_03502,3.0,22721
val,zone2_03710,4.0,570
val,zone2_01940,2.0,1011
val,zone1_01735,2.0,1675
val,zone2_00989,5.0,17500
val,zone2_02492,3.0,6444
val,zone2_04669,3.0,14561
val,zone2_01845,4.0,537
val,zone1_02171,3.0,541
val,zone1_01352,17.0,78948
val,zone2_02026,8.0,19997
val,zone2_01416,2.0,2793
val,zone2_02927,4.0,9628
val,zone1_01051,6.0,5117
val,zone1_01030,5.0,33417
val,zone2_03796,4.0,22034
val,zone2_01886,3.0,2208
val,zone2_03753,3.0,1184
val,zone1_00566,2.0,31129
val,zone2_04207,5.0,13327
val,zone2_01504,6.0,2172
val,zone2_03518,4.0,10005
val,zone1_00701,9.0,47656
val,zone2_05296,4.0,74202
val,zone2_02170,3.0,53334
val,zone2_04715,3.0,23104
val,zone1_01973,4.0,37929
val,zone1_00474,2.0,118616
val,zone1_01961,3.0,21459
val,zone2_00042,3.0,101
val,zone2_04132,8.0,1729
val,zone2_04336,4.0,30603
val,zone2_04721,3.0,8828
val,zone2_00496,4.0,18285
val,zone1_00916,8.0,103
val,zone1_00159,3.0,12661
val,zone2_01525,3.0,24130
val,zone2_00178,3.0,1404
val,zone2_02429,6.0,31160
val,zone1_00004,1.0,1544
val,zone2_05047,4.0,6688
val,zone2_01867,4.0,21281
val,zone2_05079,3.0,6563
val,zone2_03901,4.0,7153
val,zone2_01941,2.0,265
val,zone1_01323,9.0,67414
val,zone2_03769,4.0,1161
val,zone2_00586,4.0,6345
val,zone2_05189,15.0,81311
val,zone1_01629,8.0,41748
val,zone2_02511,18.0,42851
val,zone2_05148,15.0,3534
val,zone2_02757,8.0,1007
val,zone2_04417,10.0,20949
val,zone1_02444,4.0,21656
val,zone2_02645,3.0,2518
val,zone2_04654,8.0,507
val,zone1_00871,2.0,32007
val,zone2_04999,3.0,36445
val,zone2_01681,5.0,33649
val,zone1_01463,14.0,35573
val,zone2_03764,4.0,22462
val,zone2_01623,3.0,10727
val,zone1_02157,8.0,26603
val,zone2_03418,4.0,14030
val,zone2_04697,3.0,859
val,zone2_03438,11.0,4024
val,zone1_00026,3.0,64237
val,zone2_01239,1.0,441
val,zone1_01295,1.0,614
val,zone2_01084,5.0,18587
val,zone1_02404,2.0,17009
val,zone1_00913,8.0,895
val,zone2_00309,3.0,19332
val,zone2_02773,1.0,380
val,zone2_03819,4.0,36207
val,zone1_02185,4.0,22343
val,zone2_03674,7.0,3933
val,zone2_01921,2.0,951
val,zone2_04771,4.0,18749
val,zone2_03107,6.0,14253
val,zone1_00938,4.0,33788
val,zone2_03427,3.0,24902
val,zone2_03095,3.0,23795
val,zone1_00094,4.0,39815
val,zone2_04574,3.0,5194
val,zone2_02055,8.0,4364
val,zone1_02059,8.0,4292
val,zone2_01857,3.0,13693
val,zone2_01357,4.0,9302
val,zone2_02404,2.0,55290
val,zone2_00649,2.0,391
val,zone2_00675,3.0,9071
val,zone1_00520,2.0,3128
val,zone2_02408,2.0,2013
val,zone2_00981,4.0,42727
val,zone2_03097,3.0,2793
val,zone2_04011,3.0,10662
val,zone1_01310,2.0,12433
val,zone2_02663,3.0,691
val,zone1_01252,2.0,724
val,zone1_00898,8.0,54053
val,zone2_04577,14.0,6640
val,zone1_00385,3.0,588
val,zone2_03714,3.0,7309
val,zone1_00744,8.0,89372
val,zone2_01565,3.0,1802
val,zone2_01697,1.0,3589
val,zone1_01133,3.0,28979
val,zone1_01796,8.0,438
val,zone2_00488,3.0,11644
val,zone2_00794,2.0,8171
val,zone2_02303,5.0,9429
val,zone2_04877,3.0,8590
val,zone2_01032,3.0,30128
val,zone2_02311,4.0,1685
val,zone2_03642,4.0,13607
val,zone1_02152,8.0,7669
val,zone2_01938,3.0,913
val,zone2_02121,8.0,7396
val,zone2_03625,8.0,639
val,zone1_02020,4.0,13370
val,zone2_05356,3.0,9131
val,zone1_02169,2.0,13109
val,zone1_01170,2.0,6957
val,zone2_01281,18.0,63253
val,zone2_02789,4.0,7418
val,zone2_05014,8.0,282
val,zone2_04770,4.0,7530
val,zone2_00764,5.0,6078
val,zone2_01612,3.0,7669
val,zone2_02892,3.0,12326
val,zone1_01741,3.0,26247
val,zone2_00100,3.0,4254
val,zone2_03404,5.0,13556
val,zone2_04702,15.0,29698
val,zone2_02169,3.0,66134
val,zone2_05003,15.0,1343
val,zone1_01728,3.0,30619
val,zone1_00542,6.0,23190
val,zone1_02193,8.0,3252
val,zone2_00809,2.0,10021
val,zone2_00107,3.0,15678
val,zone2_04117,3.0,48427
val,zone1_00262,3.0,47947
val,zone2_04255,7.0,101269
val,zone1_01876,2.0,3793
val,zone1_00458,8.0,145
val,zone2_03879,3.0,7745
val,zone2_03817,3.0,39744
val,zone2_04427,2.0,4366
val,zone2_00179,2.0,161
val,zone2_03131,9.0,15100
val,zone1_01799,8.0,18575
val,zone2_02085,5.0,303
val,zone2_03160,3.0,6617
val,zone2_02765,2.0,3445
val,zone2_05103,15.0,72630
val,zone1_02211,8.0,18602
val,zone2_00631,3.0,12944
val,zone2_01309,2.0,541
val,zone1_01338,4.0,12002
val,zone1_02005,8.0,671
val,zone2_03496,2.0,4638
val,zone2_01898,4.0,2095
val,zone1_01401,2.0,750
val,zone2_02724,3.0,8137
val,zone2_02513,6.0,57240
val,zone1_00584,18.0,23219
val,zone2_02831,3.0,37450
val,zone2_03122,6.0,51931
val,zone2_05196,15.0,71666
val,zone2_03272,4.0,8525
val,zone1_02187,8.0,1586
val,zone2_03013,13.0,39963
val,zone1_01716,8.0,75034
val,zone2_00433,3.0,4308
val,zone2_00555,3.0,2457
val,zone1_01332,2.0,22977
val,zone2_00511,4.0,540
val,zone2_04356,2.0,142
val,zone2_02730,4.0,56499
val,zone2_01237,2.0,9875
val,zone1_02277,6.0,5285
val,zone2_00636,3.0,18154
val,zone1_00827,8.0,8711
val,zone2_04621,8.0,1031
val,zone1_01907,3.0,26769
val,zone2_04529,3.0,25203
val,zone1_00653,1.0,239
val,zone1_02370,2.0,1895
val,zone2_03855,6.0,6516
val,zone1_01866,1.0,20625
val,zone2_02940,14.0,19321
val,zone1_00375,2.0,5930
val,zone1_00569,4.0,513
val,zone2_03294,3.0,1839
val,zone1_01575,14.0,124926
val,zone2_02252,4.0,52096
val,zone2_00485,3.0,3284
val,zone2_04582,15.0,1759
val,zone2_04776,3.0,13276
val,zone2_02589,3.0,31458
val,zone2_02672,4.0,14815
val,zone2_04317,6.0,404
val,zone1_02401,2.0,157
val,zone2_02045,3.0,3504
val,zone1_00645,2.0,1106
val,zone2_00623,3.0,6380
val,zone2_05078,4.0,4401
val,zone1_01022,2.0,8913
val,zone2_01915,7.0,160
val,zone2_01286,3.0,10146
val,zone2_03500,4.0,27456
val,zone1_00355,3.0,298
val,zone2_04134,2.0,833
val,zone1_02166,2.0,6664
val,zone2_02468,3.0,3029
val,zone2_00340,3.0,8285
val,zone2_04465,8.0,1469
val,zone2_00463,3.0,8975
val,zone1_00792,8.0,864
val,zone2_00635,3.0,6469
val,zone1_00759,3.0,862
val,zone1_00837,3.0,60935
val,zone2_00280,3.0,15356
val,zone2_03777,15.0,21111
val,zone1_01763,3.0,28941
val,zone1_01273,8.0,14376
val,zone1_02276,6.0,4687
val,zone2_00310,3.0,11677
val,zone2_00985,5.0,8886
val,zone2_03242,9.0,11258
val,zone1_01307,2.0,54836
val,zone2_04124,8.0,340
val,zone2_03739,3.0,995
val,zone1_00053,3.0,148
val,zone2_04644,5.0,1354
val,zone2_04153,3.0,12995
val,zone1_02278,4.0,4520
val,zone2_02350,5.0,12472
val,zone2_01202,3.0,13833
val,zone1_01805,2.0,3093
val,zone2_00959,3.0,22829
val,zone2_01987,5.0,10114
val,zone2_03268,17.0,13161
val,zone2_02846,5.0,7155
val,zone2_03388,3.0,53210
val,zone1_01628,8.0,75024
val,zone2_02120,2.0,10353
val,zone1_00217,4.0,33652
val,zone2_02454,4.0,28142
val,zone2_01662,3.0,40320
val,zone1_01905,1.0,297
val,zone1_01791,8.0,11677
val,zone1_00767,5.0,67107
val,zone1_00244,2.0,4021
val,zone1_00260,4.0,26380
val,zone2_00979,3.0,1991
val,zone2_02360,3.0,1006
val,zone1_00712,8.0,13004
val,zone2_01990,8.0,1151
val,zone2_04831,4.0,36908
val,zone2_03590,2.0,881
val,zone2_03066,17.0,51454
val,zone1_00839,3.0,11952
val,zone2_03556,5.0,823
val,zone1_01143,11.0,85714
val,zone1_01828,4.0,9261
val,zone1_02006,8.0,80388
val,zone1_02253,4.0,5746
val,zone2_03597,6.0,5308
val,zone1_00204,8.0,1145
val,zone1_00912,8.0,6079
val,zone2_02761,3.0,1991
test,zone3_00000,2.0,561
test,zone3_00001,7.0,67716
test,zone3_00002,8.0,87730
test,zone3_00003,10.0,87161
test,zone3_00004,9.0,40578
test,zone3_00005,9.0,31577
test,zone3_00006,9.0,64605
test,zone3_00007,5.0,30094
test,zone3_00008,18.0,54471
test,zone3_00009,17.0,33338
test,zone3_00010,18.0,78378
test,zone3_00011,18.0,88334
test,zone3_00012,18.0,5319
test,zone3_00013,17.0,48529
test,zone3_00014,6.0,14708
test,zone3_00015,5.0,3257
test,zone3_00016,7.0,28351
test,zone3_00017,8.0,112
test,zone3_00018,8.0,112
test,zone3_00019,2.0,668
test,zone3_00020,6.0,13377
test,zone3_00021,2.0,551
test,zone3_00022,7.0,14642
test,zone3_00023,9.0,48019
test,zone3_00024,9.0,80816
test,zone3_00025,10.0,35709
test,zone3_00026,10.0,27736
test,zone3_00027,10.0,58339
test,zone3_00028,10.0,59082
test,zone3_00029,17.0,3988
test,zone3_00030,17.0,56143
test,zone3_00031,17.0,48900
test,zone3_00032,18.0,21783
test,zone3_00033,2.0,7438
test,zone3_00034,18.0,27362
test,zone3_00035,2.0,5161
test,zone3_00036,10.0,40353
test,zone3_00037,4.0,7692
test,zone3_00038,7.0,83479
test,zone3_00039,8.0,22802
test,zone3_00040,9.0,44176
test,zone3_00041,9.0,94832
test,zone3_00042,10.0,85016
test,zone3_00043,10.0,73801
test,zone3_00044,10.0,101495
test,zone3_00045,10.0,139355
test,zone3_00046,10.0,59200
test,zone3_00047,17.0,6590
test,zone3_00048,17.0,66218
test,zone3_00049,4.0,10021
test,zone3_00050,7.0,17158
test,zone3_00051,2.0,8675
test,zone3_00052,8.0,29023
test,zone3_00053,8.0,49260
test,zone3_00054,4.0,2296
test,zone3_00055,3.0,111
test,zone3_00056,9.0,80458
test,zone3_00057,11.0,89920
test,zone3_00058,3.0,4882
test,zone3_00059,3.0,6131
test,zone3_00060,3.0,4995
test,zone3_00061,4.0,1762
test,zone3_00062,9.0,10778
test,zone3_00063,10.0,78082
test,zone3_00064,12.0,52306
test,zone3_00065,9.0,87498
test,zone3_00066,9.0,15645
test,zone3_00067,9.0,40829
test,zone3_00068,9.0,96662
test,zone3_00069,9.0,86447
test,zone3_00070,9.0,125728
test,zone3_00071,10.0,66637
test,zone3_00072,10.0,115818
test,zone3_00073,9.0,101694
test,zone3_00074,9.0,41153
test,zone3_00075,17.0,2289
test,zone3_00076,10.0,17680
test,zone3_00077,6.0,102085
test,zone3_00078,8.0,25904
test,zone3_00079,12.0,54891
test,zone3_00080,16.0,3425
test,zone3_00081,12.0,6058
test,zone3_00082,10.0,99512
test,zone3_00083,10.0,166691
test,zone3_00084,7.0,75359
test,zone3_00085,3.0,966
test,zone3_00086,4.0,23626
test,zone3_00087,11.0,39655
test,zone3_00088,11.0,52250
test,zone3_00089,12.0,63653
test,zone3_00090,11.0,35550
test,zone3_00091,9.0,29068
test,zone3_00092,15.0,4099
test,zone3_00093,15.0,48761
test,zone3_00094,9.0,91815
test,zone3_00095,8.0,84687
test,zone3_00096,8.0,105231
test,zone3_00097,9.0,66306
test,zone3_00098,9.0,95302
test,zone3_00099,9.0,61369
test,zone3_00100,9.0,31935
test,zone3_00101,2.0,1701
test,zone3_00102,10.0,69936
test,zone3_00103,12.0,91797
test,zone3_00104,15.0,130572
test,zone3_00105,13.0,78204
test,zone3_00106,9.0,74817
test,zone3_00107,7.0,48961
test,zone3_00108,7.0,39101
test,zone3_00109,7.0,6867
test,zone3_00110,4.0,9991
test,zone3_00111,4.0,2127
test,zone3_00112,5.0,36418
test,zone3_00113,4.0,6493
test,zone3_00114,16.0,43429
test,zone3_00115,14.0,2377
test,zone3_00116,3.0,48362
test,zone3_00117,8.0,48435
test,zone3_00118,11.0,110554
test,zone3_00119,11.0,67891
test,zone3_00120,9.0,46980
test,zone3_00121,10.0,4507
test,zone3_00122,15.0,15512
test,zone3_00123,15.0,79034
test,zone3_00124,8.0,35037
test,zone3_00125,8.0,61375
test,zone3_00126,9.0,79289
test,zone3_00127,10.0,83756
test,zone3_00128,9.0,98561
test,zone3_00129,9.0,58551
test,zone3_00130,9.0,20091
test,zone3_00131,4.0,88462
test,zone3_00132,14.0,101216
test,zone3_00133,15.0,150749
test,zone3_00134,16.0,124515
test,zone3_00135,11.0,71239
test,zone3_00136,8.0,46162
test,zone3_00137,9.0,7727
test,zone3_00138,3.0,116
test,zone3_00139,3.0,299
test,zone3_00140,4.0,2267
test,zone3_00141,8.0,314
test,zone3_00142,4.0,7807
test,zone3_00143,5.0,76594
test,zone3_00144,5.0,46652
test,zone3_00145,5.0,3927
test,zone3_00146,3.0,1433
test,zone3_00147,20.0,71868
test,zone3_00148,20.0,25190
test,zone3_00149,7.0,88005
test,zone3_00150,11.0,66208
test,zone3_00151,9.0,131789
test,zone3_00152,9.0,9906
test,zone3_00153,2.0,971
test,zone3_00154,15.0,25535
test,zone3_00155,10.0,69970
test,zone3_00156,8.0,85730
test,zone3_00157,9.0,84785
test,zone3_00158,9.0,90599
test,zone3_00159,9.0,83030
test,zone3_00160,4.0,52145
test,zone3_00161,10.0,79032
test,zone3_00162,7.0,54843
test,zone3_00163,7.0,51905
test,zone3_00164,12.0,61482
test,zone3_00165,12.0,108153
test,zone3_00166,11.0,36550
test,zone3_00167,18.0,18113
test,zone3_00168,18.0,73180
test,zone3_00169,17.0,22398
test,zone3_00170,3.0,611
test,zone3_00171,14.0,8715
test,zone3_00172,15.0,70329
test,zone3_00173,16.0,70895
test,zone3_00174,15.0,56131
test,zone3_00175,3.0,648
test,zone3_00176,20.0,19503
test,zone3_00177,12.0,43164
test,zone3_00178,9.0,113794
test,zone3_00179,5.0,52340
test,zone3_00180,5.0,194
test,zone3_00181,7.0,7963
test,zone3_00182,2.0,100
test,zone3_00183,2.0,1251
test,zone3_00184,15.0,20073
test,zone3_00185,8.0,78669
test,zone3_00186,9.0,46870
test,zone3_00187,12.0,77129
test,zone3_00188,10.0,30646
test,zone3_00189,12.0,66867
test,zone3_00190,13.0,116769
test,zone3_00191,12.0,103138
test,zone3_00192,5.0,31584
test,zone3_00193,15.0,76622
test,zone3_00194,11.0,78563
test,zone3_00195,2.0,1173
test,zone3_00196,4.0,17869
test,zone3_00197,6.0,423
test,zone3_00198,17.0,12330
test,zone3_00199,8.0,417
test,zone3_00200,8.0,417
test,zone3_00201,14.0,15877
test,zone3_00202,14.0,110369
test,zone3_00203,15.0,87488
test,zone3_00204,15.0,74012
test,zone3_00205,3.0,459
test,zone3_00206,4.0,43829
test,zone3_00207,3.0,18470
test,zone3_00208,3.0,8117
test,zone3_00209,9.0,455
test,zone3_00210,5.0,15197
test,zone3_00211,8.0,30912
test,zone3_00212,15.0,69077
test,zone3_00213,14.0,71731
test,zone3_00214,15.0,83922
test,zone3_00215,8.0,60283
test,zone3_00216,10.0,35253
test,zone3_00217,13.0,53937
test,zone3_00218,8.0,23095
test,zone3_00219,9.0,93504
test,zone3_00220,13.0,88585
test,zone3_00221,15.0,129061
test,zone3_00222,15.0,85796
test,zone3_00223,13.0,108804
test,zone3_00224,10.0,77649
test,zone3_00225,9.0,58240
test,zone3_00226,6.0,4504
test,zone3_00227,6.0,15986
test,zone3_00228,2.0,1890
test,zone3_00229,8.0,525
test,zone3_00230,8.0,525
test,zone3_00231,14.0,5486
test,zone3_00232,15.0,67696
test,zone3_00233,15.0,26014
test,zone3_00234,10.0,37026
test,zone3_00235,9.0,117975
test,zone3_00236,8.0,36418
test,zone3_00237,9.0,92378
test,zone3_00238,5.0,65413
test,zone3_00239,19.0,23494
test,zone3_00240,5.0,12813
test,zone3_00241,20.0,40306
test,zone3_00242,16.0,30056
test,zone3_00243,15.0,32464
test,zone3_00244,7.0,19739
test,zone3_00245,4.0,48685
test,zone3_00246,4.0,41867
test,zone3_00247,9.0,55708
test,zone3_00248,9.0,55616
test,zone3_00249,15.0,103550
test,zone3_00250,13.0,128058
test,zone3_00251,13.0,91678
test,zone3_00252,10.0,86819
test,zone3_00253,9.0,104120
test,zone3_00254,10.0,97845
test,zone3_00255,10.0,43456
test,zone3_00256,6.0,8964
test,zone3_00257,2.0,807
test,zone3_00258,2.0,3206
test,zone3_00259,2.0,2065
test,zone3_00260,18.0,21774
test,zone3_00261,18.0,27715
test,zone3_00262,9.0,1302
test,zone3_00263,12.0,102704
test,zone3_00264,12.0,20242
test,zone3_00265,11.0,82269
test,zone3_00266,11.0,98239
test,zone3_00267,19.0,15170
test,zone3_00268,19.0,83590
test,zone3_00269,12.0,60253
test,zone3_00270,11.0,33687
test,zone3_00271,11.0,11957
test,zone3_00272,4.0,9084
test,zone3_00273,4.0,6123
test,zone3_00274,4.0,39629
test,zone3_00275,9.0,29860
test,zone3_00276,10.0,68551
test,zone3_00277,8.0,51682
test,zone3_00278,12.0,95896
test,zone3_00279,13.0,77954
test,zone3_00280,14.0,62708
test,zone3_00281,12.0,59322
test,zone3_00282,9.0,90062
test,zone3_00283,10.0,97893
test,zone3_00284,12.0,51564
test,zone3_00285,3.0,455
test,zone3_00286,4.0,5579
test,zone3_00287,18.0,9488
test,zone3_00288,18.0,78506
test,zone3_00289,18.0,33265
test,zone3_00290,13.0,72895
test,zone3_00291,12.0,78276
test,zone3_00292,11.0,37774
test,zone3_00293,11.0,112427
test,zone3_00294,9.0,22025
test,zone3_00295,16.0,38037
test,zone3_00296,16.0,78649
test,zone3_00297,10.0,34758
test,zone3_00298,9.0,42905
test,zone3_00299,4.0,17653
test,zone3_00300,12.0,58374
test,zone3_00301,4.0,55657
test,zone3_00302,3.0,13486
test,zone3_00303,16.0,44799
test,zone3_00304,12.0,68276
test,zone3_00305,12.0,141272
test,zone3_00306,13.0,107400
test,zone3_00307,13.0,89905
test,zone3_00308,17.0,107793
test,zone3_00309,6.0,36319
test,zone3_00310,18.0,2079
test,zone3_00311,2.0,3557
test,zone3_00312,3.0,22765
test,zone3_00313,3.0,3603
test,zone3_00314,3.0,8559
test,zone3_00315,3.0,884
test,zone3_00316,3.0,2835
test,zone3_00317,3.0,10796
test,zone3_00318,3.0,13112
test,zone3_00319,18.0,49892
test,zone3_00320,18.0,79687
test,zone3_00321,12.0,8074
test,zone3_00322,12.0,99337
test,zone3_00323,14.0,6815
test,zone3_00324,11.0,101891
test,zone3_00325,6.0,39992
test,zone3_00326,16.0,49031
test,zone3_00327,17.0,94921
test,zone3_00328,12.0,72439
test,zone3_00329,9.0,8547
test,zone3_00330,5.0,16070
test,zone3_00331,13.0,14887
test,zone3_00332,15.0,60613
test,zone3_00333,3.0,5234
test,zone3_00334,4.0,22391
test,zone3_00335,4.0,24860
test,zone3_00336,3.0,48140
test,zone3_00337,8.0,81357
test,zone3_00338,14.0,101245
test,zone3_00339,4.0,58766
test,zone3_00340,12.0,77939
test,zone3_00341,12.0,32884
test,zone3_00342,8.0,21446
test,zone3_00343,3.0,28576
test,zone3_00344,3.0,28322
test,zone3_00345,3.0,7674
test,zone3_00346,6.0,7019
test,zone3_00347,4.0,7998
test,zone3_00348,4.0,57537
test,zone3_00349,4.0,13958
test,zone3_00350,9.0,9925
test,zone3_00351,8.0,48164
test,zone3_00352,2.0,7357
test,zone3_00353,2.0,29575
test,zone3_00354,4.0,16725
test,zone3_00355,5.0,38886
test,zone3_00356,6.0,8293
test,zone3_00357,3.0,2365
test,zone3_00358,3.0,2360
test,zone3_00359,17.0,81157
test,zone3_00360,17.0,37882
test,zone3_00361,7.0,26105
test,zone3_00362,7.0,14465
test,zone3_00363,10.0,47813
test,zone3_00364,14.0,129762
test,zone3_00365,14.0,39741
test,zone3_00366,14.0,94956
test,zone3_00367,14.0,119146
test,zone3_00368,12.0,60739
test,zone3_00369,7.0,17768
test,zone3_00370,7.0,9137
test,zone3_00371,3.0,26419
test,zone3_00372,3.0,31399
test,zone3_00373,3.0,2070
test,zone3_00374,3.0,5370
test,zone3_00375,4.0,69214
test,zone3_00376,16.0,74691
test,zone3_00377,18.0,25687
test,zone3_00378,3.0,45416
test,zone3_00379,3.0,40218
test,zone3_00380,9.0,16165
test,zone3_00381,3.0,602
test,zone3_00382,1.0,199
test,zone3_00383,7.0,88533
test,zone3_00384,7.0,45889
test,zone3_00385,6.0,1926
test,zone3_00386,6.0,99537
test,zone3_00387,7.0,39580
test,zone3_00388,3.0,21998
test,zone3_00389,2.0,1064
test,zone3_00390,3.0,676
test,zone3_00391,5.0,56197
test,zone3_00392,3.0,17482
test,zone3_00393,5.0,272
test,zone3_00394,5.0,36398
test,zone3_00395,3.0,24322
test,zone3_00396,11.0,10361
test,zone3_00397,17.0,56231
test,zone3_00398,3.0,7856
test,zone3_00399,2.0,9920
test,zone3_00400,7.0,12517
test,zone3_00401,18.0,56256
test,zone3_00402,18.0,82519
test,zone3_00403,15.0,104776
test,zone3_00404,15.0,152403
test,zone3_00405,3.0,106471
test,zone3_00406,3.0,86262
test,zone3_00407,5.0,13437
test,zone3_00408,9.0,1895
test,zone3_00409,3.0,2056
test,zone3_00410,3.0,8016
test,zone3_00411,2.0,293
test,zone3_00412,9.0,5271
test,zone3_00413,3.0,52396
test,zone3_00414,3.0,64770
test,zone3_00415,18.0,83645
test,zone3_00416,18.0,86607
test,zone3_00417,8.0,70045
test,zone3_00418,2.0,821
test,zone3_00419,2.0,414
test,zone3_00420,7.0,49655
test,zone3_00421,5.0,30024
test,zone3_00422,2.0,274
test,zone3_00423,4.0,40922
test,zone3_00424,4.0,8296
test,zone3_00425,7.0,11783
test,zone3_00426,3.0,42555
test,zone3_00427,7.0,18305
test,zone3_00428,6.0,11502
test,zone3_00429,6.0,4030
test,zone3_00430,6.0,4668
test,zone3_00431,3.0,15706
test,zone3_00432,3.0,14056
test,zone3_00433,4.0,88000
test,zone3_00434,4.0,59232
test,zone3_00435,11.0,1401
test,zone3_00436,2.0,363
test,zone3_00437,2.0,3984
test,zone3_00438,6.0,210
test,zone3_00439,15.0,31647
test,zone3_00440,15.0,131365
test,zone3_00441,15.0,129422
test,zone3_00442,15.0,70887
test,zone3_00443,4.0,83732
test,zone3_00444,2.0,40543
test,zone3_00445,3.0,60517
test,zone3_00446,10.0,24363
test,zone3_00447,9.0,24777
test,zone3_00448,2.0,11522
test,zone3_00449,2.0,48492
test,zone3_00450,17.0,107073
test,zone3_00451,18.0,106619
test,zone3_00452,18.0,77377
test,zone3_00453,17.0,44110
test,zone3_00454,8.0,4353
test,zone3_00455,3.0,34102
test,zone3_00456,6.0,6375
test,zone3_00457,7.0,39585
test,zone3_00458,5.0,7792
test,zone3_00459,3.0,25948
test,zone3_00460,5.0,11094
test,zone3_00461,4.0,6820
test,zone3_00462,8.0,76779
test,zone3_00463,9.0,499
test,zone3_00464,5.0,23812
test,zone3_00465,6.0,111796
test,zone3_00466,2.0,392
test,zone3_00467,6.0,45371
test,zone3_00468,5.0,64037
test,zone3_00469,3.0,34496
test,zone3_00470,5.0,39575
test,zone3_00471,6.0,10220
test,zone3_00472,5.0,15631
test,zone3_00473,8.0,17174
test,zone3_00474,3.0,33956
test,zone3_00475,4.0,12903
test,zone3_00476,4.0,28915
test,zone3_00477,3.0,2963
test,zone3_00478,3.0,1512
test,zone3_00479,15.0,4871
test,zone3_00480,15.0,63211
test,zone3_00481,14.0,110075
test,zone3_00482,9.0,27287
test,zone3_00483,11.0,57846
test,zone3_00484,8.0,125249
test,zone3_00485,3.0,24711
test,zone3_00486,8.0,22807
test,zone3_00487,10.0,10930
test,zone3_00488,2.0,202
test,zone3_00489,3.0,982
test,zone3_00490,2.0,1159
test,zone3_00491,3.0,11745
test,zone3_00492,16.0,104691
test,zone3_00493,16.0,61718
test,zone3_00494,18.0,27758
test,zone3_00495,3.0,3203
test,zone3_00496,2.0,980
test,zone3_00497,6.0,9668
test,zone3_00498,6.0,8223
test,zone3_00499,4.0,12699
test,zone3_00500,3.0,17362
test,zone3_00501,3.0,3080
test,zone3_00502,5.0,25742
test,zone3_00503,4.0,14750
test,zone3_00504,8.0,76052
test,zone3_00505,5.0,43024
test,zone3_00506,4.0,38013
test,zone3_00507,7.0,6550
test,zone3_00508,3.0,414
test,zone3_00509,7.0,1147
test,zone3_00510,5.0,9029
test,zone3_00511,5.0,10617
test,zone3_00512,4.0,5135
test,zone3_00513,6.0,42574
test,zone3_00514,5.0,48180
test,zone3_00515,7.0,129812
test,zone3_00516,4.0,40958
test,zone3_00517,5.0,5983
test,zone3_00518,9.0,7718
test,zone3_00519,7.0,2975
test,zone3_00520,11.0,45758
test,zone3_00521,10.0,17212
test,zone3_00522,5.0,19852
test,zone3_00523,10.0,130446
test,zone3_00524,8.0,97489
test,zone3_00525,9.0,133794
test,zone3_00526,9.0,47259
test,zone3_00527,10.0,125713
test,zone3_00528,9.0,49310
test,zone3_00529,9.0,794
test,zone3_00530,3.0,657
test,zone3_00531,2.0,202
test,zone3_00532,3.0,4313
test,zone3_00533,2.0,576
test,zone3_00534,6.0,24074
test,zone3_00535,3.0,35004
test,zone3_00536,15.0,4145
test,zone3_00537,5.0,48497
test,zone3_00538,5.0,19559
test,zone3_00539,2.0,450
test,zone3_00540,2.0,366
test,zone3_00541,4.0,46814
test,zone3_00542,4.0,123469
test,zone3_00543,4.0,42656
test,zone3_00544,2.0,1032
test,zone3_00545,4.0,19168
test,zone3_00546,4.0,98541
test,zone3_00547,4.0,571
test,zone3_00548,2.0,3232
test,zone3_00549,8.0,16089
test,zone3_00550,5.0,90953
test,zone3_00551,4.0,16491
test,zone3_00552,3.0,41682
test,zone3_00553,4.0,55616
test,zone3_00554,5.0,33306
test,zone3_00555,5.0,9231
test,zone3_00556,4.0,41771
test,zone3_00557,8.0,6349
test,zone3_00558,10.0,35425
test,zone3_00559,9.0,60311
test,zone3_00560,3.0,42834
test,zone3_00561,4.0,20542
test,zone3_00562,4.0,19367
test,zone3_00563,9.0,199060
test,zone3_00564,9.0,62997
test,zone3_00565,7.0,94512
test,zone3_00566,8.0,73881
test,zone3_00567,10.0,29722
test,zone3_00568,8.0,15125
test,zone3_00569,4.0,1045
test,zone3_00570,15.0,17898
test,zone3_00571,15.0,9270
test,zone3_00572,2.0,2639
test,zone3_00573,5.0,5002
test,zone3_00574,5.0,54794
test,zone3_00575,8.0,110295
test,zone3_00576,6.0,5917
test,zone3_00577,4.0,42198
test,zone3_00578,5.0,40001
test,zone3_00579,5.0,61607
test,zone3_00580,3.0,69618
test,zone3_00581,2.0,14819
test,zone3_00582,3.0,4080
test,zone3_00583,3.0,12837
test,zone3_00584,6.0,31784
test,zone3_00585,6.0,66805
test,zone3_00586,3.0,14937
test,zone3_00587,4.0,53696
test,zone3_00588,6.0,21684
test,zone3_00589,4.0,30599
test,zone3_00590,2.0,2700
test,zone3_00591,3.0,25108
test,zone3_00592,2.0,398
test,zone3_00593,8.0,484
test,zone3_00594,10.0,38371
test,zone3_00595,9.0,97866
test,zone3_00596,6.0,30890
test,zone3_00597,5.0,81509
test,zone3_00598,5.0,50333
test,zone3_00599,7.0,43166
test,zone3_00600,4.0,185
test,zone3_00601,5.0,6334
test,zone3_00602,3.0,1831
test,zone3_00603,4.0,11202
test,zone3_00604,5.0,39348
test,zone3_00605,16.0,25382
test,zone3_00606,15.0,41073
test,zone3_00607,15.0,31984
test,zone3_00608,4.0,19672
test,zone3_00609,6.0,53704
test,zone3_00610,5.0,38591
test,zone3_00611,5.0,65165
test,zone3_00612,5.0,48350
test,zone3_00613,4.0,109202
test,zone3_00614,4.0,37507
test,zone3_00615,4.0,13545
test,zone3_00616,4.0,17793
test,zone3_00617,5.0,36165
test,zone3_00618,3.0,19158
test,zone3_00619,3.0,34682
test,zone3_00620,3.0,7412
test,zone3_00621,7.0,6901
test,zone3_00622,8.0,5642
test,zone3_00623,3.0,27351
test,zone3_00624,3.0,3808
test,zone3_00625,3.0,299
test,zone3_00626,4.0,18284
test,zone3_00627,4.0,17841
test,zone3_00628,2.0,398
test,zone3_00629,18.0,29795
test,zone3_00630,18.0,25859
test,zone3_00631,9.0,122597
test,zone3_00632,7.0,41083
test,zone3_00633,5.0,63644
test,zone3_00634,9.0,103891
test,zone3_00635,3.0,15537
test,zone3_00636,3.0,11426
test,zone3_00637,4.0,14001
test,zone3_00638,4.0,32825
test,zone3_00639,16.0,34290
test,zone3_00640,16.0,15621
test,zone3_00641,16.0,21288
test,zone3_00642,3.0,3522
test,zone3_00643,6.0,66256
test,zone3_00644,5.0,57085
test,zone3_00645,6.0,77070
test,zone3_00646,4.0,25059
test,zone3_00647,4.0,3905
test,zone3_00648,3.0,12411
test,zone3_00649,4.0,2227
test,zone3_00650,4.0,21792
test,zone3_00651,5.0,7393
test,zone3_00652,3.0,18037
test,zone3_00653,4.0,41294
test,zone3_00654,4.0,9448
test,zone3_00655,2.0,329
test,zone3_00656,3.0,248
test,zone3_00657,4.0,28625
test,zone3_00658,4.0,15965
test,zone3_00659,4.0,27226
test,zone3_00660,3.0,1120
test,zone3_00661,16.0,55849
test,zone3_00662,17.0,82627
test,zone3_00663,8.0,83140
test,zone3_00664,6.0,41503
test,zone3_00665,7.0,44515
test,zone3_00666,8.0,39639
test,zone3_00667,2.0,1609
test,zone3_00668,2.0,983
test,zone3_00669,11.0,29299
test,zone3_00670,11.0,46132
test,zone3_00671,15.0,49745
test,zone3_00672,4.0,1248
test,zone3_00673,6.0,43257
test,zone3_00674,7.0,54698
test,zone3_00675,6.0,23875
test,zone3_00676,3.0,15421
test,zone3_00677,3.0,4988
test,zone3_00678,4.0,1874
test,zone3_00679,4.0,7130
test,zone3_00680,6.0,17491
test,zone3_00681,4.0,50637
test,zone3_00682,4.0,79416
test,zone3_00683,5.0,19743
test,zone3_00684,5.0,14912
test,zone3_00685,2.0,102
test,zone3_00686,2.0,3693
test,zone3_00687,3.0,5211
test,zone3_00688,4.0,3235
test,zone3_00689,4.0,17957
test,zone3_00690,4.0,14457
test,zone3_00691,2.0,5842
test,zone3_00692,9.0,67531
test,zone3_00693,18.0,107819
test,zone3_00694,17.0,91973
test,zone3_00695,6.0,109667
test,zone3_00696,4.0,86130
test,zone3_00697,6.0,1275
test,zone3_00698,5.0,9771
test,zone3_00699,5.0,3810
test,zone3_00700,15.0,18207
test,zone3_00701,15.0,3271
test,zone3_00702,3.0,3218
test,zone3_00703,6.0,12301
test,zone3_00704,7.0,42643
test,zone3_00705,8.0,46320
test,zone3_00706,8.0,58434
test,zone3_00707,6.0,79684
test,zone3_00708,4.0,7036
test,zone3_00709,3.0,254
test,zone3_00710,7.0,6349
test,zone3_00711,1.0,1154
test,zone3_00712,4.0,6504
test,zone3_00713,5.0,2639
test,zone3_00714,4.0,2110
test,zone3_00715,3.0,20009
test,zone3_00716,3.0,18779
test,zone3_00717,2.0,3658
test,zone3_00718,4.0,1574
test,zone3_00719,3.0,4394
test,zone3_00720,3.0,41380
test,zone3_00721,5.0,9441
test,zone3_00722,2.0,851
test,zone3_00723,8.0,13233
test,zone3_00724,8.0,130318
test,zone3_00725,17.0,105845
test,zone3_00726,17.0,49895
test,zone3_00727,4.0,25683
test,zone3_00728,3.0,8349
test,zone3_00729,3.0,534
test,zone3_00730,4.0,26002
test,zone3_00731,4.0,38501
test,zone3_00732,6.0,130
test,zone3_00733,8.0,8561
test,zone3_00734,3.0,1313
test,zone3_00735,6.0,13535
test,zone3_00736,6.0,11048
test,zone3_00737,6.0,59911
test,zone3_00738,6.0,53589
test,zone3_00739,7.0,158
test,zone3_00740,1.0,370
test,zone3_00741,4.0,61947
test,zone3_00742,3.0,11243
test,zone3_00743,4.0,7045
test,zone3_00744,3.0,849
test,zone3_00745,4.0,6993
test,zone3_00746,4.0,7148
test,zone3_00747,5.0,2584
test,zone3_00748,4.0,33970
test,zone3_00749,2.0,663
test,zone3_00750,4.0,36574
test,zone3_00751,4.0,30099
test,zone3_00752,3.0,1560
test,zone3_00753,3.0,3684
test,zone3_00754,9.0,40308
test,zone3_00755,9.0,43298
test,zone3_00756,3.0,7937
test,zone3_00757,7.0,10009
test,zone3_00758,3.0,390
test,zone3_00759,8.0,13821
test,zone3_00760,4.0,22756
test,zone3_00761,5.0,653
test,zone3_00762,5.0,18701
test,zone3_00763,6.0,18047
test,zone3_00764,4.0,195
test,zone3_00765,4.0,5187
test,zone3_00766,4.0,4801
test,zone3_00767,3.0,1246
test,zone3_00768,7.0,7540
test,zone3_00769,3.0,1133
test,zone3_00770,7.0,8007
test,zone3_00771,3.0,3024
test,zone3_00772,3.0,14037
test,zone3_00773,3.0,52407
test,zone3_00774,5.0,20682
test,zone3_00775,2.0,860
test,zone3_00776,3.0,17056
test,zone3_00777,3.0,6892
test,zone3_00778,4.0,2550
test,zone3_00779,3.0,440
test,zone3_00780,3.0,167
test,zone3_00781,3.0,717
test,zone3_00782,4.0,3315
test,zone3_00783,3.0,3157
test,zone3_00784,3.0,3153
test,zone3_00785,3.0,5998
test,zone3_00786,3.0,16914
test,zone3_00787,5.0,26699
test,zone3_00788,8.0,15333
test,zone3_00789,5.0,14386
test,zone3_00790,5.0,1099
test,zone3_00791,2.0,1411
test,zone3_00792,3.0,5865
test,zone3_00793,3.0,16423
test,zone3_00794,8.0,10114
test,zone3_00795,8.0,11752
test,zone3_00796,2.0,1520
test,zone3_00797,4.0,16773
test,zone3_00798,3.0,11290
test,zone3_00799,4.0,5917
test,zone3_00800,4.0,5034
test,zone3_00801,4.0,4014
test,zone3_00802,3.0,1175
test,zone3_00803,6.0,21076
test,zone3_00804,3.0,27957
test,zone3_00805,4.0,10054
test,zone3_00806,4.0,3490
test,zone3_00807,3.0,20729
test,zone3_00808,3.0,6547
test,zone3_00809,2.0,320
test,zone3_00810,2.0,405
test,zone3_00811,3.0,1408
test,zone3_00812,3.0,351
test,zone3_00813,5.0,3186
test,zone3_00814,9.0,13976
test,zone3_00815,3.0,694
test,zone3_00816,6.0,45758
test,zone3_00817,5.0,65722
test,zone3_00818,5.0,14946
test,zone3_00819,3.0,20420
test,zone3_00820,3.0,32649
test,zone3_00821,7.0,90848
test,zone3_00822,6.0,13182
test,zone3_00823,3.0,794
test,zone3_00824,4.0,22445
test,zone3_00825,3.0,18665
test,zone3_00826,2.0,785
test,zone3_00827,9.0,11444
test,zone3_00828,9.0,9661
test,zone3_00829,4.0,8132
test,zone3_00830,4.0,52062
test,zone3_00831,3.0,49441
test,zone3_00832,3.0,551
test,zone3_00833,8.0,2391
test,zone3_00834,5.0,17934
test,zone3_00835,5.0,1538
test,zone3_00836,6.0,3047
test,zone3_00837,2.0,370
test,zone3_00838,3.0,31652
test,zone3_00839,5.0,12668
test,zone3_00840,9.0,25772
test,zone3_00841,3.0,4291
test,zone3_00842,4.0,587
test,zone3_00843,6.0,36723
test,zone3_00844,9.0,66282
test,zone3_00845,2.0,1349
test,zone3_00846,4.0,25176
test,zone3_00847,6.0,74533
test,zone3_00848,6.0,25677
test,zone3_00849,6.0,58535
test,zone3_00850,6.0,39295
test,zone3_00851,4.0,15298
test,zone3_00852,4.0,52894
test,zone3_00853,2.0,2685
test,zone3_00854,5.0,18893
test,zone3_00855,5.0,17558
test,zone3_00856,4.0,11233
test,zone3_00857,3.0,296
test,zone3_00858,3.0,4065
test,zone3_00859,6.0,52465
test,zone3_00860,5.0,28043
test,zone3_00861,2.0,865
test,zone3_00862,3.0,11851
test,zone3_00863,5.0,752
test,zone3_00864,5.0,891
test,zone3_00865,2.0,15854
test,zone3_00866,2.0,2376
test,zone3_00867,6.0,13274
test,zone3_00868,7.0,34091
test,zone3_00869,4.0,54653
test,zone3_00870,3.0,10155
test,zone3_00871,6.0,9097
test,zone3_00872,6.0,59021
test,zone3_00873,4.0,24775
test,zone3_00874,6.0,26454
test,zone3_00875,4.0,4761
test,zone3_00876,2.0,1817
test,zone3_00877,5.0,24330
test,zone3_00878,4.0,63522
test,zone3_00879,6.0,7380
test,zone3_00880,4.0,25469
test,zone3_00881,4.0,2837
test,zone3_00882,3.0,256
test,zone3_00883,3.0,1255
test,zone3_00884,3.0,494
test,zone3_00885,4.0,10874
test,zone3_00886,2.0,11278
test,zone3_00887,4.0,178
test,zone3_00888,3.0,25359
test,zone3_00889,7.0,23636
test,zone3_00890,3.0,12816
test,zone3_00891,4.0,1627
test,zone3_00892,3.0,324
test,zone3_00893,5.0,18787
test,zone3_00894,4.0,3382
test,zone3_00895,4.0,359
test,zone3_00896,2.0,1543
test,zone3_00897,3.0,6454
test,zone3_00898,3.0,2993
test,zone3_00899,4.0,84518
test,zone3_00900,4.0,152772
test,zone3_00901,4.0,110469
test,zone3_00902,3.0,65753
test,zone3_00903,5.0,24710
test,zone3_00904,3.0,34468
test,zone3_00905,4.0,994
test,zone3_00906,3.0,1990
test,zone3_00907,5.0,29786
test,zone3_00908,3.0,7552
test,zone3_00909,3.0,6226
test,zone3_00910,3.0,373
test,zone3_00911,3.0,2583
test,zone3_00912,11.0,25100
test,zone3_00913,11.0,9234
test,zone3_00914,3.0,3493
test,zone3_00915,3.0,315
test,zone3_00916,4.0,14144
test,zone3_00917,6.0,10677
test,zone3_00918,4.0,14681
test,zone3_00919,4.0,2526
test,zone3_00920,4.0,24223
test,zone3_00921,4.0,8858
test,zone3_00922,3.0,50304
test,zone3_00923,4.0,41468
test,zone3_00924,3.0,101344
test,zone3_00925,6.0,88504
test,zone3_00926,4.0,16631
test,zone3_00927,2.0,735
test,zone3_00928,2.0,2966
test,zone3_00929,3.0,30992
test,zone3_00930,3.0,89484
test,zone3_00931,2.0,2548
test,zone3_00932,3.0,1858
test,zone3_00933,3.0,5320
test,zone3_00934,4.0,15256
test,zone3_00935,3.0,11692
test,zone3_00936,5.0,9081
test,zone3_00937,3.0,16002
test,zone3_00938,11.0,8848
test,zone3_00939,11.0,20365
test,zone3_00940,4.0,12246
test,zone3_00941,3.0,1143
test,zone3_00942,3.0,4048
test,zone3_00943,1.0,265
test,zone3_00944,4.0,1069
test,zone3_00945,2.0,347
test,zone3_00946,2.0,708
test,zone3_00947,2.0,425
test,zone3_00948,2.0,361
test,zone3_00949,5.0,3766
test,zone3_00950,4.0,289
test,zone3_00951,3.0,82605
test,zone3_00952,3.0,120575
test,zone3_00953,3.0,30212
test,zone3_00954,7.0,31352
test,zone3_00955,7.0,4037
test,zone3_00956,2.0,512
test,zone3_00957,3.0,661
test,zone3_00958,2.0,506
test,zone3_00959,1.0,942
test,zone3_00960,4.0,32429
test,zone3_00961,6.0,81969
test,zone3_00962,4.0,4916
test,zone3_00963,3.0,2783
test,zone3_00964,3.0,2960
test,zone3_00965,4.0,3068
test,zone3_00966,6.0,1521
test,zone3_00967,6.0,5713
test,zone3_00968,3.0,20347
test,zone3_00969,3.0,208
test,zone3_00970,5.0,8833
test,zone3_00971,4.0,4654
test,zone3_00972,3.0,14893
test,zone3_00973,19.0,68762
test,zone3_00974,18.0,57052
test,zone3_00975,18.0,77204
test,zone3_00976,18.0,87290
test,zone3_00977,2.0,13271
test,zone3_00978,5.0,66568
test,zone3_00979,8.0,115627
test,zone3_00980,4.0,7106
test,zone3_00981,6.0,24869
test,zone3_00982,6.0,39380
test,zone3_00983,2.0,3342
test,zone3_00984,4.0,1458
test,zone3_00985,5.0,34619
test,zone3_00986,4.0,45133
test,zone3_00987,3.0,131
test,zone3_00988,6.0,53280
test,zone3_00989,5.0,56759
test,zone3_00990,5.0,25518
test,zone3_00991,4.0,28756
test,zone3_00992,3.0,8388
test,zone3_00993,3.0,5334
test,zone3_00994,3.0,6243
test,zone3_00995,3.0,661
test,zone3_00996,3.0,575
test,zone3_00997,3.0,30234
test,zone3_00998,3.0,51579
test,zone3_00999,5.0,53521
test,zone3_01000,5.0,60706
test,zone3_01001,4.0,33023
test,zone3_01002,2.0,2156
test,zone3_01003,6.0,288
test,zone3_01004,6.0,1481
test,zone3_01005,3.0,846
test,zone3_01006,3.0,894
test,zone3_01007,19.0,85553
test,zone3_01008,18.0,75361
test,zone3_01009,18.0,76801
test,zone3_01010,19.0,50284
test,zone3_01011,2.0,560
test,zone3_01012,2.0,469
test,zone3_01013,4.0,36090
test,zone3_01014,6.0,71967
test,zone3_01015,6.0,103904
test,zone3_01016,6.0,5835
test,zone3_01017,3.0,1610
test,zone3_01018,6.0,18921
test,zone3_01019,2.0,7768
test,zone3_01020,3.0,25951
test,zone3_01021,2.0,47728
test,zone3_01022,2.0,298
test,zone3_01023,4.0,15320
test,zone3_01024,3.0,76264
test,zone3_01025,3.0,40278
test,zone3_01026,4.0,3532
test,zone3_01027,2.0,861
test,zone3_01028,3.0,48649
test,zone3_01029,3.0,2704
test,zone3_01030,4.0,23457
test,zone3_01031,4.0,37433
test,zone3_01032,3.0,16175
test,zone3_01033,2.0,252
test,zone3_01034,2.0,252
test,zone3_01035,2.0,2991
test,zone3_01036,4.0,43040
test,zone3_01037,6.0,60378
test,zone3_01038,6.0,55514
test,zone3_01039,5.0,5496
test,zone3_01040,3.0,540
test,zone3_01041,3.0,540
test,zone3_01042,3.0,23393
test,zone3_01043,3.0,6173
test,zone3_01044,2.0,1561
test,zone3_01045,2.0,1600
test,zone3_01046,19.0,84208
test,zone3_01047,19.0,100308
test,zone3_01048,19.0,81709
test,zone3_01049,20.0,3571
test,zone3_01050,5.0,77453
test,zone3_01051,6.0,149741
test,zone3_01052,6.0,17677
test,zone3_01053,3.0,1030
test,zone3_01054,4.0,19275
test,zone3_01055,4.0,9693
test,zone3_01056,4.0,1409
test,zone3_01057,5.0,741
test,zone3_01058,4.0,75717
test,zone3_01059,5.0,152484
test,zone3_01060,5.0,76609
test,zone3_01061,5.0,791
test,zone3_01062,8.0,7550
test,zone3_01063,8.0,13073
test,zone3_01064,2.0,3295
test,zone3_01065,2.0,162
test,zone3_01066,6.0,26032
test,zone3_01067,6.0,5850
test,zone3_01068,3.0,7691
test,zone3_01069,2.0,2729
test,zone3_01070,4.0,35951
test,zone3_01071,3.0,11944
test,zone3_01072,3.0,933
test,zone3_01073,3.0,934
test,zone3_01074,4.0,13470
test,zone3_01075,3.0,5688
test,zone3_01076,4.0,565
test,zone3_01077,4.0,7558
test,zone3_01078,3.0,23789
test,zone3_01079,3.0,2061
test,zone3_01080,3.0,964
test,zone3_01081,2.0,6809
test,zone3_01082,13.0,18747
test,zone3_01083,19.0,56109
test,zone3_01084,19.0,63979
test,zone3_01085,8.0,1834
test,zone3_01086,2.0,8306
test,zone3_01087,6.0,39350
test,zone3_01088,6.0,161256
test,zone3_01089,5.0,42685
test,zone3_01090,7.0,6365
test,zone3_01091,8.0,17018
test,zone3_01092,3.0,1778
test,zone3_01093,3.0,10748
test,zone3_01094,4.0,90072
test,zone3_01095,6.0,74138
test,zone3_01096,5.0,13840
test,zone3_01097,5.0,14135
test,zone3_01098,5.0,22703
test,zone3_01099,3.0,18551
test,zone3_01100,2.0,7658
test,zone3_01101,3.0,2086
test,zone3_01102,3.0,565
test,zone3_01103,2.0,18415
test,zone3_01104,3.0,5710
test,zone3_01105,4.0,288
test,zone3_01106,6.0,6274
test,zone3_01107,5.0,33824
test,zone3_01108,3.0,1302
test,zone3_01109,8.0,24501
test,zone3_01110,4.0,3744
test,zone3_01111,4.0,29440
test,zone3_01112,4.0,15433
test,zone3_01113,3.0,9892
test,zone3_01114,3.0,1999
test,zone3_01115,3.0,902
test,zone3_01116,2.0,1162
test,zone3_01117,1.0,1485
test,zone3_01118,19.0,14063
test,zone3_01119,19.0,16913
test,zone3_01120,8.0,3268
test,zone3_01121,8.0,5127
test,zone3_01122,3.0,5680
test,zone3_01123,2.0,741
test,zone3_01124,6.0,81691
test,zone3_01125,6.0,58134
test,zone3_01126,5.0,45332
test,zone3_01127,2.0,1103
test,zone3_01128,2.0,312
test,zone3_01129,4.0,1413
test,zone3_01130,4.0,1338
test,zone3_01131,3.0,756
test,zone3_01132,3.0,47890
test,zone3_01133,4.0,19311
test,zone3_01134,3.0,1453
test,zone3_01135,3.0,10393
test,zone3_01136,4.0,4674
test,zone3_01137,8.0,16748
test,zone3_01138,3.0,6451
test,zone3_01139,3.0,15218
test,zone3_01140,3.0,207
test,zone3_01141,3.0,1106
test,zone3_01142,3.0,30124
test,zone3_01143,3.0,21990
test,zone3_01144,4.0,11955
test,zone3_01145,4.0,6188
test,zone3_01146,3.0,3637
test,zone3_01147,4.0,36920
test,zone3_01148,8.0,33904
test,zone3_01149,3.0,13345
test,zone3_01150,2.0,1110
test,zone3_01151,2.0,10558
test,zone3_01152,5.0,2881
test,zone3_01153,5.0,17683
test,zone3_01154,3.0,10008
test,zone3_01155,3.0,17414
test,zone3_01156,20.0,11488
test,zone3_01157,4.0,36036
test,zone3_01158,4.0,4089
test,zone3_01159,3.0,10427
test,zone3_01160,3.0,35534
test,zone3_01161,3.0,2103
test,zone3_01162,5.0,10937
test,zone3_01163,4.0,1453
test,zone3_01164,3.0,2003
test,zone3_01165,4.0,1578
test,zone3_01166,4.0,26712
test,zone3_01167,4.0,2347
test,zone3_01168,2.0,1621
test,zone3_01169,2.0,574
test,zone3_01170,3.0,1424
test,zone3_01171,7.0,6342
test,zone3_01172,8.0,11845
test,zone3_01173,4.0,773
test,zone3_01174,2.0,4459
test,zone3_01175,3.0,23055
test,zone3_01176,4.0,40192
test,zone3_01177,4.0,50633
test,zone3_01178,4.0,37477
test,zone3_01179,3.0,7225
test,zone3_01180,3.0,1700
test,zone3_01181,3.0,1542
test,zone3_01182,3.0,2067
test,zone3_01183,4.0,27896
test,zone3_01184,3.0,7893
test,zone3_01185,3.0,5960
test,zone3_01186,4.0,16209
test,zone3_01187,2.0,9553
test,zone3_01188,3.0,1118
test,zone3_01189,4.0,1375
test,zone3_01190,4.0,1296
test,zone3_01191,3.0,1056
test,zone3_01192,3.0,1468
test,zone3_01193,4.0,294
test,zone3_01194,4.0,42407
test,zone3_01195,2.0,1586
test,zone3_01196,5.0,11907
test,zone3_01197,5.0,5381
test,zone3_01198,3.0,799
test,zone3_01199,3.0,5795
test,zone3_01200,3.0,17282
test,zone3_01201,2.0,2695
test,zone3_01202,3.0,5020
test,zone3_01203,3.0,30889
test,zone3_01204,3.0,15858
test,zone3_01205,3.0,37324
test,zone3_01206,2.0,313
test,zone3_01207,5.0,6382
test,zone3_01208,4.0,19799
test,zone3_01209,3.0,1700
test,zone3_01210,3.0,5403
test,zone3_01211,4.0,6674
test,zone3_01212,3.0,604
test,zone3_01213,3.0,604
test,zone3_01214,2.0,571
test,zone3_01215,4.0,1415
test,zone3_01216,3.0,1624
test,zone3_01217,3.0,5545
test,zone3_01218,3.0,2917
test,zone3_01219,4.0,1332
test,zone3_01220,3.0,300
test,zone3_01221,3.0,808
test,zone3_01222,4.0,5161
test,zone3_01223,4.0,30659
test,zone3_01224,2.0,8545
test,zone3_01225,2.0,1090
test,zone3_01226,2.0,4337
test,zone3_01227,3.0,11549
test,zone3_01228,4.0,26177
test,zone3_01229,4.0,3194
test,zone3_01230,4.0,13137
test,zone3_01231,5.0,3426
test,zone3_01232,5.0,7739
test,zone3_01233,3.0,3548
test,zone3_01234,3.0,3830
test,zone3_01235,4.0,9300
test,zone3_01236,2.0,526
test,zone3_01237,3.0,4104
test,zone3_01238,3.0,3503
test,zone3_01239,3.0,926
test,zone3_01240,3.0,2613
test,zone3_01241,4.0,1476
test,zone3_01242,4.0,441
test,zone3_01243,7.0,3493
test,zone3_01244,5.0,40597
test,zone3_01245,2.0,593
test,zone3_01246,3.0,10660
test,zone3_01247,3.0,80097
test,zone3_01248,3.0,4054
test,zone3_01249,5.0,10573
test,zone3_01250,3.0,6135
test,zone3_01251,4.0,5806
test,zone3_01252,4.0,16991
test,zone3_01253,2.0,709
test,zone3_01254,3.0,13416
test,zone3_01255,4.0,32621
test,zone3_01256,2.0,1271
test,zone3_01257,4.0,1448
test,zone3_01258,2.0,623
test,zone3_01259,4.0,1406
test,zone3_01260,3.0,3643
test,zone3_01261,3.0,38056
test,zone3_01262,3.0,3800
test,zone3_01263,3.0,1427
test,zone3_01264,2.0,7781
test,zone3_01265,5.0,906
test,zone3_01266,3.0,16362
test,zone3_01267,3.0,3738
test,zone3_01268,5.0,9362
test,zone3_01269,3.0,15713
test,zone3_01270,4.0,16618
test,zone3_01271,2.0,1052
test,zone3_01272,3.0,46181
test,zone3_01273,3.0,6419
test,zone3_01274,3.0,6752
test,zone3_01275,3.0,1172
test,zone3_01276,4.0,18092
test,zone3_01277,3.0,3552
test,zone3_01278,2.0,846
test,zone3_01279,3.0,1390
test,zone3_01280,5.0,47143
test,zone3_01281,9.0,36314
test,zone3_01282,4.0,7004
test,zone3_01283,2.0,1431
test,zone3_01284,4.0,1360
test,zone3_01285,4.0,494
test,zone3_01286,3.0,5962
test,zone3_01287,4.0,2077
test,zone3_01288,4.0,144
test,zone3_01289,2.0,145
test,zone3_01290,5.0,13888
test,zone3_01291,3.0,2570
test,zone3_01292,4.0,6001
test,zone3_01293,4.0,3884
test,zone3_01294,4.0,16191
test,zone3_01295,3.0,43509
test,zone3_01296,3.0,12303
test,zone3_01297,2.0,6519
test,zone3_01298,3.0,11660
test,zone3_01299,2.0,6782
test,zone3_01300,2.0,653
test,zone3_01301,3.0,36138
test,zone3_01302,3.0,13139
test,zone3_01303,3.0,202
test,zone3_01304,2.0,194
test,zone3_01305,3.0,507
test,zone3_01306,5.0,106843
test,zone3_01307,8.0,111153
test,zone3_01308,9.0,9195
test,zone3_01309,6.0,1230
test,zone3_01310,6.0,4748
test,zone3_01311,4.0,1385
test,zone3_01312,4.0,1410
test,zone3_01313,2.0,964
test,zone3_01314,8.0,3095
test,zone3_01315,4.0,15774
test,zone3_01316,4.0,7304
test,zone3_01317,5.0,11487
test,zone3_01318,4.0,391
test,zone3_01319,3.0,23849
test,zone3_01320,5.0,52585
test,zone3_01321,3.0,1754
test,zone3_01322,3.0,7851
test,zone3_01323,3.0,7521
test,zone3_01324,2.0,932
test,zone3_01325,4.0,15259
test,zone3_01326,4.0,24980
test,zone3_01327,5.0,51441
test,zone3_01328,4.0,54197
test,zone3_01329,3.0,6283
test,zone3_01330,3.0,786
test,zone3_01331,5.0,25231
test,zone3_01332,6.0,90945
test,zone3_01333,2.0,1756
test,zone3_01334,4.0,1372
test,zone3_01335,5.0,6470
test,zone3_01336,8.0,3941
test,zone3_01337,8.0,5270
test,zone3_01338,4.0,2523
test,zone3_01339,4.0,14691
test,zone3_01340,4.0,5476
test,zone3_01341,2.0,2586
test,zone3_01342,3.0,35501
test,zone3_01343,3.0,37570
test,zone3_01344,3.0,3194
test,zone3_01345,3.0,2919
test,zone3_01346,3.0,12379
test,zone3_01347,4.0,6433
test,zone3_01348,4.0,12521
test,zone3_01349,3.0,12309
test,zone3_01350,3.0,402
test,zone3_01351,2.0,229
test,zone3_01352,4.0,7794
test,zone3_01353,3.0,15435
test,zone3_01354,2.0,5631
test,zone3_01355,4.0,9572
test,zone3_01356,5.0,36657
test,zone3_01357,5.0,11812
test,zone3_01358,8.0,76611
test,zone3_01359,6.0,42436
test,zone3_01360,4.0,4546
test,zone3_01361,3.0,31327
test,zone3_01362,3.0,5047
test,zone3_01363,3.0,15376
test,zone3_01364,6.0,61900
test,zone3_01365,3.0,43325
test,zone3_01366,4.0,4546
test,zone3_01367,2.0,5031
test,zone3_01368,3.0,363
test,zone3_01369,3.0,467
test,zone3_01370,3.0,12403
test,zone3_01371,3.0,7846
test,zone3_01372,3.0,14582
test,zone3_01373,3.0,2790
test,zone3_01374,2.0,375
test,zone3_01375,5.0,35119
test,zone3_01376,3.0,15304
test,zone3_01377,2.0,4706
test,zone3_01378,5.0,41800
test,zone3_01379,6.0,80026
test,zone3_01380,3.0,8826
test,zone3_01381,5.0,77419
test,zone3_01382,10.0,43479
test,zone3_01383,10.0,66026
test,zone3_01384,8.0,1029
test,zone3_01385,12.0,45450
test,zone3_01386,12.0,9386
test,zone3_01387,4.0,29016
test,zone3_01388,3.0,3165
test,zone3_01389,4.0,4025
test,zone3_01390,3.0,35474
test,zone3_01391,3.0,6796
test,zone3_01392,4.0,10374
test,zone3_01393,3.0,829
test,zone3_01394,4.0,20854
test,zone3_01395,4.0,58744
test,zone3_01396,7.0,300
test,zone3_01397,5.0,3875
test,zone3_01398,2.0,1850
test,zone3_01399,2.0,30491
test,zone3_01400,5.0,51919
test,zone3_01401,11.0,23834
test,zone3_01402,3.0,101
test,zone3_01403,7.0,51990
test,zone3_01404,8.0,30190
test,zone3_01405,6.0,22097
test,zone3_01406,8.0,104839
test,zone3_01407,8.0,33421
test,zone3_01408,10.0,32522
test,zone3_01409,10.0,103612
test,zone3_01410,10.0,111008
test,zone3_01411,10.0,64773
test,zone3_01412,4.0,55647
test,zone3_01413,3.0,17102
test,zone3_01414,2.0,368
test,zone3_01415,2.0,506
test,zone3_01416,3.0,3261
test,zone3_01417,3.0,61749
test,zone3_01418,3.0,83505
test,zone3_01419,3.0,43297
test,zone3_01420,3.0,9699
test,zone3_01421,3.0,7306
test,zone3_01422,2.0,855
test,zone3_01423,3.0,17542
test,zone3_01424,3.0,2648
test,zone3_01425,4.0,32611
test,zone3_01426,12.0,26437
test,zone3_01427,9.0,88768
test,zone3_01428,11.0,66270
test,zone3_01429,11.0,126417
test,zone3_01430,13.0,26773
test,zone3_01431,4.0,13557
test,zone3_01432,3.0,26563
test,zone3_01433,3.0,39845
test,zone3_01434,5.0,6330
test,zone3_01435,7.0,79812
test,zone3_01436,11.0,45033
test,zone3_01437,11.0,110700
test,zone3_01438,12.0,96282
test,zone3_01439,11.0,111666
test,zone3_01440,10.0,127987
test,zone3_01441,9.0,46639
test,zone3_01442,2.0,1811
test,zone3_01443,3.0,22903
test,zone3_01444,2.0,12498
test,zone3_01445,3.0,455
test,zone3_01446,2.0,9681
test,zone3_01447,3.0,29757
test,zone3_01448,3.0,32326
test,zone3_01449,5.0,11993
test,zone3_01450,3.0,26100
test,zone3_01451,3.0,107565
test,zone3_01452,3.0,25387
test,zone3_01453,3.0,13546
test,zone3_01454,4.0,5369
test,zone3_01455,2.0,1199
test,zone3_01456,2.0,10436
test,zone3_01457,4.0,11358
test,zone3_01458,4.0,33325
test,zone3_01459,3.0,12002
test,zone3_01460,12.0,17151
test,zone3_01461,12.0,80420
test,zone3_01462,12.0,85631
test,zone3_01463,11.0,45478
test,zone3_01464,2.0,168
test,zone3_01465,10.0,56642
test,zone3_01466,10.0,71708
test,zone3_01467,11.0,99937
test,zone3_01468,12.0,139962
test,zone3_01469,11.0,111075
test,zone3_01470,8.0,47367
test,zone3_01471,9.0,154
test,zone3_01472,2.0,4052
test,zone3_01473,2.0,12510
test,zone3_01474,2.0,881
test,zone3_01475,2.0,21130
test,zone3_01476,4.0,31006
test,zone3_01477,2.0,7157
test,zone3_01478,4.0,32048
test,zone3_01479,4.0,49539
test,zone3_01480,4.0,821
test,zone3_01481,3.0,30703
test,zone3_01482,3.0,39779
test,zone3_01483,3.0,40849
test,zone3_01484,4.0,2669
test,zone3_01485,2.0,940
test,zone3_01486,3.0,1566
test,zone3_01487,3.0,88083
test,zone3_01488,2.0,2256
test,zone3_01489,2.0,2069
test,zone3_01490,12.0,42300
test,zone3_01491,12.0,110350
test,zone3_01492,11.0,115259
test,zone3_01493,11.0,66634
test,zone3_01494,9.0,21256
test,zone3_01495,10.0,116461
test,zone3_01496,11.0,80722
test,zone3_01497,11.0,90242
test,zone3_01498,11.0,106670
test,zone3_01499,10.0,14220
test,zone3_01500,2.0,10418
test,zone3_01501,3.0,5076
test,zone3_01502,3.0,16047
test,zone3_01503,3.0,3485
test,zone3_01504,4.0,4519
test,zone3_01505,3.0,1271
test,zone3_01506,4.0,20885
test,zone3_01507,4.0,4301
test,zone3_01508,4.0,1829
test,zone3_01509,3.0,18773
test,zone3_01510,3.0,19224
test,zone3_01511,4.0,3527
test,zone3_01512,4.0,1154
test,zone3_01513,3.0,1710
test,zone3_01514,3.0,11597
test,zone3_01515,2.0,54948
test,zone3_01516,2.0,6284
test,zone3_01517,2.0,5918
test,zone3_01518,9.0,2316
test,zone3_01519,11.0,85618
test,zone3_01520,10.0,121509
test,zone3_01521,12.0,132410
test,zone3_01522,12.0,79705
test,zone3_01523,11.0,216
test,zone3_01524,3.0,187
test,zone3_01525,12.0,2110
test,zone3_01526,10.0,96691
test,zone3_01527,12.0,83600
test,zone3_01528,10.0,94750
test,zone3_01529,4.0,61183
test,zone3_01530,9.0,17444
test,zone3_01531,2.0,463
test,zone3_01532,5.0,14090
test,zone3_01533,5.0,5902
test,zone3_01534,3.0,3663
test,zone3_01535,3.0,70296
test,zone3_01536,3.0,58647
test,zone3_01537,4.0,7650
test,zone3_01538,4.0,6433
test,zone3_01539,4.0,565
test,zone3_01540,5.0,16059
test,zone3_01541,3.0,14818
test,zone3_01542,3.0,35825
test,zone3_01543,2.0,54494
test,zone3_01544,3.0,27272
test,zone3_01545,12.0,9584
test,zone3_01546,12.0,126791
test,zone3_01547,12.0,124551
test,zone3_01548,12.0,79097
test,zone3_01549,11.0,215
test,zone3_01550,8.0,9017
test,zone3_01551,12.0,49328
test,zone3_01552,4.0,18190
test,zone3_01553,4.0,12277
test,zone3_01554,3.0,4059
test,zone3_01555,3.0,3116
test,zone3_01556,3.0,726
test,zone3_01557,3.0,39365
test,zone3_01558,3.0,7652
test,zone3_01559,3.0,29391
test,zone3_01560,3.0,78234
test,zone3_01561,3.0,40868
test,zone3_01562,5.0,29107
test,zone3_01563,5.0,21598
test,zone3_01564,3.0,70429
test,zone3_01565,3.0,37074
test,zone3_01566,3.0,16813
test,zone3_01567,3.0,8666
test,zone3_01568,13.0,25482
test,zone3_01569,12.0,54948
test,zone3_01570,11.0,767
test,zone3_01571,3.0,5362
test,zone3_01572,2.0,1628
test,zone3_01573,3.0,22105
test,zone3_01574,4.0,62355
test,zone3_01575,4.0,131
test,zone3_01576,3.0,444
test,zone3_01577,3.0,407
test,zone3_01578,4.0,1858
test,zone3_01579,4.0,5185
test,zone3_01580,3.0,7218
test,zone3_01581,3.0,10317
test,zone3_01582,5.0,2302
test,zone3_01583,5.0,4868
test,zone3_01584,3.0,35539
test,zone3_01585,3.0,100170
test,zone3_01586,3.0,10045
test,zone3_01587,3.0,9143
test,zone3_01588,3.0,102734
test,zone3_01589,3.0,42825
test,zone3_01590,4.0,8757
test,zone3_01591,3.0,3111
test,zone3_01592,3.0,899
test,zone3_01593,4.0,18518
test,zone3_01594,3.0,5940
test,zone3_01595,2.0,1873
test,zone3_01596,2.0,533
test,zone3_01597,3.0,53029
test,zone3_01598,4.0,36652
test,zone3_01599,3.0,6171
test,zone3_01600,4.0,6329
test,zone3_01601,3.0,14297
test,zone3_01602,3.0,1390
test,zone3_01603,3.0,8943
test,zone3_01604,3.0,803
test,zone3_01605,3.0,1068
test,zone3_01606,3.0,9786
test,zone3_01607,3.0,166705
test,zone3_01608,3.0,47956
test,zone3_01609,4.0,1225
test,zone3_01610,3.0,3298
test,zone3_01611,6.0,11872
test,zone3_01612,6.0,17406
test,zone3_01613,3.0,665
test,zone3_01614,3.0,255
test,zone3_01615,3.0,45653
test,zone3_01616,2.0,5628
test,zone3_01617,3.0,14612
test,zone3_01618,2.0,426
test,zone3_01619,2.0,271
test,zone3_01620,2.0,540
test,zone3_01621,2.0,1506
test,zone3_01622,5.0,15680
test,zone3_01623,3.0,3264
test,zone3_01624,3.0,13911
test,zone3_01625,3.0,1236
test,zone3_01626,2.0,2013
test,zone3_01627,2.0,32112
test,zone3_01628,3.0,9831
test,zone3_01629,4.0,4170
test,zone3_01630,3.0,826
test,zone3_01631,3.0,20879
test,zone3_01632,2.0,233
test,zone3_01633,2.0,540
test,zone3_01634,11.0,5634
test,zone3_01635,4.0,4841
test,zone3_01636,3.0,3302
test,zone3_01637,2.0,527
test,zone3_01638,2.0,7059
test,zone3_01639,3.0,38610
test,zone3_01640,4.0,10508
test,zone3_01641,3.0,869
test,zone3_01642,3.0,19661
test,zone3_01643,3.0,6713
test,zone3_01644,3.0,4052
test,zone3_01645,3.0,11848
test,zone3_01646,3.0,7020
test,zone3_01647,3.0,12294
test,zone3_01648,3.0,19531
test,zone3_01649,1.0,2250
test,zone3_01650,7.0,1183
test,zone3_01651,2.0,513
test,zone3_01652,2.0,4589
test,zone3_01653,2.0,3166
test,zone3_01654,1.0,776
test,zone3_01655,4.0,24618
test,zone3_01656,4.0,3631
test,zone3_01657,2.0,367
test,zone3_01658,2.0,618
test,zone3_01659,6.0,396
test,zone3_01660,5.0,49232
test,zone3_01661,4.0,13893
test,zone3_01662,3.0,12424
test,zone3_01663,3.0,31169
test,zone3_01664,3.0,18060
test,zone3_01665,4.0,5160
test,zone3_01666,3.0,2993
test,zone3_01667,2.0,7697
test,zone3_01668,2.0,1967
test,zone3_01669,2.0,2123
test,zone3_01670,3.0,19194
test,zone3_01671,5.0,11678
test,zone3_01672,2.0,9402
test,zone3_01673,3.0,4419
test,zone3_01674,3.0,9816
test,zone3_01675,5.0,8862
test,zone3_01676,3.0,35267
test,zone3_01677,4.0,2218
test,zone3_01678,1.0,1032
test,zone3_01679,3.0,675
test,zone3_01680,3.0,589
test,zone3_01681,3.0,10474
test,zone3_01682,3.0,13067
test,zone3_01683,3.0,13712
test,zone3_01684,2.0,787
test,zone3_01685,3.0,11139
test,zone3_01686,3.0,29732
test,zone3_01687,4.0,34349
test,zone3_01688,3.0,1688
test,zone3_01689,3.0,9375
test,zone3_01690,3.0,6766
test,zone3_01691,3.0,18134
test,zone3_01692,3.0,7713
test,zone3_01693,3.0,12121
test,zone3_01694,2.0,1418
test,zone3_01695,4.0,27737
test,zone3_01696,4.0,2196
test,zone3_01697,1.0,2786
test,zone3_01698,4.0,1750
test,zone3_01699,4.0,758
test,zone3_01700,3.0,675
test,zone3_01701,3.0,589
test,zone3_01702,8.0,4661
test,zone3_01703,3.0,30998
test,zone3_01704,3.0,5178
test,zone3_01705,3.0,932
test,zone3_01706,2.0,500
